#
# A fatal error has been detected by the Java Runtime Environment:
#
#  SIGSEGV (0xb) at pc=0x00000001082a2ba8, pid=57990, tid=259
#
# JRE version: OpenJDK Runtime Environment Temurin-21.0.9+10 (21.0.9+10) (build 21.0.9+10-LTS)
# Java VM: OpenJDK 64-Bit Server VM Temurin-21.0.9+10 (21.0.9+10-LTS, mixed mode, sharing, tiered, compressed oops, compressed class ptrs, g1 gc, bsd-aarch64)
# Problematic frame:
# C  [libglass.dylib+0x2ba8]
#
# No core dump will be written. Core dumps have been disabled. To enable core dumping, try "ulimit -c unlimited" before starting Java again
#
# If you would like to submit a bug report, please visit:
#   https://github.com/adoptium/adoptium-support/issues
#

---------------  S U M M A R Y ------------

Command Line: --module-path=/Users/acayuela/Downloads/javafx-sdk-17.0.18/lib --add-modules=javafx.controls,javafx.graphics,javafx.base -Djava.library.path=/Users/acayuela/Downloads/javafx-sdk-17.0.18/lib -javaagent:/Users/acayuela/Applications/IntelliJ IDEA.app/Contents/lib/idea_rt.jar=60958 -Dfile.encoding=UTF-8 -Dsun.stdout.encoding=UTF-8 -Dsun.stderr.encoding=UTF-8 Main

Host: "Mac14,2" arm64, 8 cores, 16G, Darwin 25.3.0, macOS 26.3 (25D125)
Time: Fri Mar 20 15:53:03 2026 CET elapsed time: 330.397321 seconds (0d 0h 5m 30s)

---------------  T H R E A D  ---------------

Current thread is native thread

Stack: [0x000000016cc34000,0x000000016d430000],  sp=0x000000016d42b7a0,  free space=8157k
Native frames: (J=compiled Java code, j=interpreted, Vv=VM code, C=native code)
C  [libglass.dylib+0x2ba8]
C  [CoreFoundation+0x56494]  __CFNOTIFICATIONCENTER_IS_CALLING_OUT_TO_AN_OBSERVER__+0x94
C  [CoreFoundation+0xbaf54]  ___CFXRegistrationPost_block_invoke+0x5c
C  [CoreFoundation+0xbae98]  _CFXRegistrationPost+0x1b4
C  [CoreFoundation+0x34f94]  _CFXNotificationPost+0x2e4
C  [Foundation+0xa0c6d0]  -[NSNotificationCenter postNotificationName:object:userInfo:]+0x58
C  [AppKit+0xc5008]  -[NSWindow resignKeyWindow]+0x26c
C  [AppKit+0xd068e0]  -[NSWindow _sendResignKeyWindow]+0x64
C  [AppKit+0xd0c3dc]  -[NSWindow _orderOut:calculatingKeyWithOptions:documentWindow:]+0xe4
C  [AppKit+0x41a10]  NSPerformVisuallyAtomicChange+0x6c
C  [AppKit+0xd0e0f0]  -[NSWindow _reallyDoOrderWindowOutRelativeTo:]+0x1e8
C  [AppKit+0xd0e454]  -[NSWindow _reallyDoOrderWindow:]+0x50
C  [AppKit+0xd0edc8]  __27-[NSWindow _doOrderWindow:]_block_invoke+0x228
C  [AppKit+0x41a10]  NSPerformVisuallyAtomicChange+0x6c
C  [AppKit+0xd0eb9c]  -[NSWindow _doOrderWindow:]+0x39c
C  [AppKit+0xd07f60]  -[NSWindow _finishClosingWindow]+0x1bc
C  [AppKit+0x1467b4]  -[NSWindow _close]+0x17c
C  [libglass.dylib+0x17840]  Java_com_sun_glass_ui_mac_MacPasteboard__1getAllowedOperation+0x358
C  [Foundation+0x38114]  __NSThreadPerformPerform+0x108
C  [CoreFoundation+0x5fa08]  __CFRUNLOOP_IS_CALLING_OUT_TO_A_SOURCE0_PERFORM_FUNCTION__+0x1c
C  [CoreFoundation+0x5f99c]  __CFRunLoopDoSource0+0xac
C  [CoreFoundation+0x5f76c]  __CFRunLoopDoSources0+0x14c
C  [CoreFoundation+0x5e398]  __CFRunLoopRun+0x334
C  [CoreFoundation+0x118f3c]  _CFRunLoopRunSpecificWithOptions+0x214
C  [libjli.dylib+0xced4]  CreateExecutionEnvironment+0x194
C  [libjli.dylib+0x8be0]  JLI_Launch+0x480
C  [java+0x3ba4]  main+0x194
C  [dyld+0x8d54]  start+0x1c10

siginfo: si_signo: 11 (SIGSEGV), si_code: 2 (SEGV_ACCERR), si_addr: 0x0000000000000000

Registers:
 x0=0x0000000000000000  x1=0x0000000102d2fea0  x2=0x0000000102dca128  x3=0x000000000000000a
 x4=0xfffffffffb7980e0  x5=0x0000000000000015  x6=0x000000000000000a  x7=0x0000000000000000
 x8=0x020c800102dca128  x9=0x0000000000000001 x10=0x040d000102dc9e28 x11=0x020c800102dca128
x12=0x0003d01d000007ff x13=0x0003c01d00401c00 x14=0x0000000000000000 x15=0x00000000000000a1
x16=0x00000003187e7cec x17=0x00000001f299d518 x18=0x0000000000000000 x19=0x0000000a9ccda120
x20=0x0000000a9b1d4000 x21=0x0000000000000000 x22=0x00000001082e6db8 x23=0x0000000a9b1d40e0
x24=0x0000000000000000 x25=0x0000000000041400 x26=0x0000000000000000 x27=0x0000004a0000005a
x28=0x000000016d42bca8  fp=0x000000016d42bbf0  lr=0x00000001082a2ba4  sp=0x000000016d42b7a0
pc=0x00000001082a2ba8 cpsr=0x0000000080001000

Top of Stack: (sp=0x000000016d42b7a0)
0x000000016d42b7a0:   00000001082d6079 00000001082d5ff3
0x000000016d42b7b0:   0000000000000060 00000001082a2b68
0x000000016d42b7c0:   00000001851f9494 000000018525df54
0x000000016d42b7d0:   000000018525de98 00000001851d7f94
0x000000016d42b7e0:   00000001874016d0 00000001896c0008
0x000000016d42b7f0:   000000018a3018e0 000000018a3073dc
0x000000016d42b800:   000000018963ca10 000000018a3090f0
0x000000016d42b810:   000000018a309454 000000018a309dc8
0x000000016d42b820:   000000018963ca10 000000018a309b9c
0x000000016d42b830:   000000018a302f60 00000001897417b4
0x000000016d42b840:   00000001082b7840 0000000186a2d114
0x000000016d42b850:   0000000185202a08 000000018520299c
0x000000016d42b860:   000000018520276c 0000000185201398
0x000000016d42b870:   00000001852bbf3c 0000000102a1ced4
0x000000016d42b880:   0000000102a18be0 00000001029d3ba4
0x000000016d42b890:   0000000184d99d54 0000000000000000
0x000000016d42b8a0:   0000000000000000 0000000000000000
0x000000016d42b8b0:   0000000000000000 0000000000000000
0x000000016d42b8c0:   0000000000000000 0000000000000000
0x000000016d42b8d0:   0000000000000000 0000000000000000
0x000000016d42b8e0:   0000000000000000 0000000000000000
0x000000016d42b8f0:   0000000000000000 0000000000000000
0x000000016d42b900:   0000000000000000 0000000000000000
0x000000016d42b910:   0000000000000000 0000000000000000
0x000000016d42b920:   0000000000000000 0000000000000000
0x000000016d42b930:   0000000000000000 0000000000000000
0x000000016d42b940:   0000000000000000 0000000000000000
0x000000016d42b950:   0000000000000029 0000000a9f862100
0x000000016d42b960:   0000000a9b1d3940 0000000a9f14d230
0x000000016d42b970:   000000016d42b9a0 00000001852a06d8
0x000000016d42b980:   0000000000000000 0000000000000000
0x000000016d42b990:   0000000000000015 0000000a9c711c00 

Instructions: (pc=0x00000001082a2ba8)
0x00000001082a2aa8:   1f 20 03 d5 e2 1c 22 58 e0 03 14 aa 00 01 3f d6
0x00000001082a2ab8:   a8 83 5c f8 1f 20 03 d5 c9 b2 1c 58 29 01 40 f9
0x00000001082a2ac8:   3f 01 08 eb 80 f8 ff 54 fd a1 00 94 f8 5f bc a9
0x00000001082a2ad8:   f6 57 01 a9 f4 4f 02 a9 fd 7b 03 a9 fd c3 00 91
0x00000001082a2ae8:   ff 83 10 d1 1f 20 03 d5 48 b1 1c 58 08 01 40 f9
0x00000001082a2af8:   a8 83 1c f8 1f 20 03 d5 1f 20 03 d5 e8 b5 21 98
0x00000001082a2b08:   08 68 68 f8 68 06 00 b5 f3 03 00 aa 1b a7 00 94
0x00000001082a2b18:   16 15 22 10 1f 20 03 d5 c0 02 40 f9 20 04 00 b5
0x00000001082a2b28:   1f 20 03 d5 a8 af 1c 58 00 01 40 f9 0a 0c 80 52
0x00000001082a2b38:   c8 a5 19 70 1f 20 03 d5 c9 a9 19 30 1f 20 03 d5
0x00000001082a2b48:   e8 ab 00 a9 e9 03 00 f9 01 a1 19 50 1f 20 03 d5
0x00000001082a2b58:   14 a2 00 94 e0 63 00 91 01 10 80 52 e4 a1 00 94
0x00000001082a2b68:   f5 03 00 aa e0 63 00 91 e1 03 15 aa e3 a1 00 94
0x00000001082a2b78:   f4 03 00 aa bf 06 00 71 eb 00 00 54 f5 03 15 2a
0x00000001082a2b88:   f7 03 14 aa e0 86 40 f8 e7 a2 00 94 b5 06 00 f1
0x00000001082a2b98:   a1 ff ff 54 e0 03 14 aa 08 a2 00 94 c0 02 40 f9
0x00000001082a2ba8:   08 00 40 f9 08 f5 40 f9 1f 20 03 d5 1f 20 03 d5
0x00000001082a2bb8:   89 af 21 98 61 6a 69 f8 1f 20 03 d5 1f 20 03 d5
0x00000001082a2bc8:   82 13 22 58 a9 43 80 52 e9 03 00 f9 00 01 3f d6
0x00000001082a2bd8:   a8 83 5c f8 1f 20 03 d5 c9 a9 1c 58 29 01 40 f9
0x00000001082a2be8:   3f 01 08 eb e1 00 00 54 ff 83 10 91 fd 7b 43 a9
0x00000001082a2bf8:   f4 4f 42 a9 f6 57 41 a9 f8 5f c4 a8 c0 03 5f d6
0x00000001082a2c08:   af a1 00 94 f6 57 bd a9 f4 4f 01 a9 fd 7b 02 a9
0x00000001082a2c18:   fd 83 00 91 f3 03 00 aa 1f 20 03 d5 1f 20 03 d5
0x00000001082a2c28:   34 ac 21 98 00 68 74 f8 54 af 00 94 a0 00 00 b4
0x00000001082a2c38:   60 6a 74 f8 51 af 00 94 62 6a 74 f8 3f b0 00 94
0x00000001082a2c48:   60 6a 74 f8 85 a8 00 94 f4 03 00 aa 0b a9 00 94
0x00000001082a2c58:   60 01 00 b4 15 00 80 d2 e0 03 14 aa e2 03 15 aa
0x00000001082a2c68:   ee ae 00 94 9d a8 00 94 b5 06 00 91 e0 03 14 aa
0x00000001082a2c78:   02 a9 00 94 bf 02 00 eb 03 ff ff 54 1f 20 03 d5
0x00000001082a2c88:   1f 20 03 d5 60 09 22 58 c0 01 00 b4 08 00 40 f9
0x00000001082a2c98:   03 f5 40 f9 1f 20 03 d5 1f 20 03 d5 28 a8 21 98 



---------------  P R O C E S S  ---------------

VM state: at safepoint (normal execution)

VM Mutex/Monitor currently owned by a thread:  ([mutex/lock_event])
[0x000000010938f948] Threads_lock - owner thread: 0x0000000a9cca1800
[0x000000010938f9c8] Heap_lock - owner thread: 0x0000000a9c833100

Heap address: 0x0000000300800000, size: 4096 MB, Compressed Oops mode: Zero based, Oop shift amount: 3

CDS archive(s) mapped at: [0x0000000500000000-0x0000000500c9c000-0x0000000500c9c000), size 13221888, SharedBaseAddress: 0x0000000500000000, ArchiveRelocationMode: 1.
Compressed class space mapped at: 0x0000000501000000-0x0000000541000000, reserved size: 1073741824
Narrow klass base: 0x0000000500000000, Narrow klass shift: 0, Narrow klass range: 0x100000000

GC Precious Log:
<Skipped>

Heap:
 garbage-first heap   total 264192K, used 54332K [0x0000000300800000, 0x0000000400800000)
  region size 2048K, 20 young (40960K), 4 survivors (8192K)
 Metaspace       used 19865K, committed 20160K, reserved 1114112K
  class space    used 2823K, committed 2944K, reserved 1048576K

Heap Regions: E=young(eden), S=young(survivor), O=old, HS=humongous(starts), HC=humongous(continues), CS=collection set, F=free, TAMS=top-at-mark-start, PB=parsable bottom
|   0|0x0000000300800000, 0x0000000300a00000, 0x0000000300a00000|100%| O|  |TAMS 0x0000000300800000| PB 0x0000000300800000| Untracked 
|   1|0x0000000300a00000, 0x0000000300c00000, 0x0000000300c00000|100%| O|  |TAMS 0x0000000300a00000| PB 0x0000000300a00000| Untracked 
|   2|0x0000000300c00000, 0x0000000300e00000, 0x0000000300e00000|100%| O|  |TAMS 0x0000000300c00000| PB 0x0000000300c00000| Untracked 
|   3|0x0000000300e00000, 0x0000000301000000, 0x0000000301000000|100%| O|  |TAMS 0x0000000300e00000| PB 0x0000000300e00000| Untracked 
|   4|0x0000000301000000, 0x00000003010c3860, 0x0000000301200000| 38%| O|  |TAMS 0x0000000301000000| PB 0x0000000301000000| Untracked 
|   5|0x0000000301200000, 0x0000000301200000, 0x0000000301400000|  0%| F|  |TAMS 0x0000000301200000| PB 0x0000000301200000| Untracked 
|   6|0x0000000301400000, 0x0000000301600000, 0x0000000301600000|100%|HS|  |TAMS 0x0000000301400000| PB 0x0000000301400000| Complete 
|   7|0x0000000301600000, 0x0000000301800000, 0x0000000301800000|100%|HC|  |TAMS 0x0000000301600000| PB 0x0000000301600000| Complete 
|   8|0x0000000301800000, 0x0000000301a00000, 0x0000000301a00000|100%|HC|  |TAMS 0x0000000301800000| PB 0x0000000301800000| Complete 
|   9|0x0000000301a00000, 0x0000000301a00000, 0x0000000301c00000|  0%| F|  |TAMS 0x0000000301a00000| PB 0x0000000301a00000| Untracked 
|  10|0x0000000301c00000, 0x0000000301c00000, 0x0000000301e00000|  0%| F|  |TAMS 0x0000000301c00000| PB 0x0000000301c00000| Untracked 
|  11|0x0000000301e00000, 0x0000000301e00000, 0x0000000302000000|  0%| F|  |TAMS 0x0000000301e00000| PB 0x0000000301e00000| Untracked 
|  12|0x0000000302000000, 0x0000000302000000, 0x0000000302200000|  0%| F|  |TAMS 0x0000000302000000| PB 0x0000000302000000| Untracked 
|  13|0x0000000302200000, 0x0000000302200000, 0x0000000302400000|  0%| F|  |TAMS 0x0000000302200000| PB 0x0000000302200000| Untracked 
|  14|0x0000000302400000, 0x0000000302400000, 0x0000000302600000|  0%| F|  |TAMS 0x0000000302400000| PB 0x0000000302400000| Untracked 
|  15|0x0000000302600000, 0x0000000302600000, 0x0000000302800000|  0%| F|  |TAMS 0x0000000302600000| PB 0x0000000302600000| Untracked 
|  16|0x0000000302800000, 0x0000000302800000, 0x0000000302a00000|  0%| F|  |TAMS 0x0000000302800000| PB 0x0000000302800000| Untracked 
|  17|0x0000000302a00000, 0x0000000302a00000, 0x0000000302c00000|  0%| F|  |TAMS 0x0000000302a00000| PB 0x0000000302a00000| Untracked 
|  18|0x0000000302c00000, 0x0000000302c00000, 0x0000000302e00000|  0%| F|  |TAMS 0x0000000302c00000| PB 0x0000000302c00000| Untracked 
|  19|0x0000000302e00000, 0x0000000302e00000, 0x0000000303000000|  0%| F|  |TAMS 0x0000000302e00000| PB 0x0000000302e00000| Untracked 
|  20|0x0000000303000000, 0x0000000303000000, 0x0000000303200000|  0%| F|  |TAMS 0x0000000303000000| PB 0x0000000303000000| Untracked 
|  21|0x0000000303200000, 0x0000000303200000, 0x0000000303400000|  0%| F|  |TAMS 0x0000000303200000| PB 0x0000000303200000| Untracked 
|  22|0x0000000303400000, 0x0000000303400000, 0x0000000303600000|  0%| F|  |TAMS 0x0000000303400000| PB 0x0000000303400000| Untracked 
|  23|0x0000000303600000, 0x0000000303600000, 0x0000000303800000|  0%| F|  |TAMS 0x0000000303600000| PB 0x0000000303600000| Untracked 
|  24|0x0000000303800000, 0x0000000303800000, 0x0000000303a00000|  0%| F|  |TAMS 0x0000000303800000| PB 0x0000000303800000| Untracked 
|  25|0x0000000303a00000, 0x0000000303a00000, 0x0000000303c00000|  0%| F|  |TAMS 0x0000000303a00000| PB 0x0000000303a00000| Untracked 
|  26|0x0000000303c00000, 0x0000000303c00000, 0x0000000303e00000|  0%| F|  |TAMS 0x0000000303c00000| PB 0x0000000303c00000| Untracked 
|  27|0x0000000303e00000, 0x0000000303e00000, 0x0000000304000000|  0%| F|  |TAMS 0x0000000303e00000| PB 0x0000000303e00000| Untracked 
|  28|0x0000000304000000, 0x0000000304000000, 0x0000000304200000|  0%| F|  |TAMS 0x0000000304000000| PB 0x0000000304000000| Untracked 
|  29|0x0000000304200000, 0x0000000304200000, 0x0000000304400000|  0%| F|  |TAMS 0x0000000304200000| PB 0x0000000304200000| Untracked 
|  30|0x0000000304400000, 0x0000000304400000, 0x0000000304600000|  0%| F|  |TAMS 0x0000000304400000| PB 0x0000000304400000| Untracked 
|  31|0x0000000304600000, 0x0000000304600000, 0x0000000304800000|  0%| F|  |TAMS 0x0000000304600000| PB 0x0000000304600000| Untracked 
|  32|0x0000000304800000, 0x0000000304800000, 0x0000000304a00000|  0%| F|  |TAMS 0x0000000304800000| PB 0x0000000304800000| Untracked 
|  33|0x0000000304a00000, 0x0000000304a00000, 0x0000000304c00000|  0%| F|  |TAMS 0x0000000304a00000| PB 0x0000000304a00000| Untracked 
|  34|0x0000000304c00000, 0x0000000304c00000, 0x0000000304e00000|  0%| F|  |TAMS 0x0000000304c00000| PB 0x0000000304c00000| Untracked 
|  35|0x0000000304e00000, 0x0000000304e00000, 0x0000000305000000|  0%| F|  |TAMS 0x0000000304e00000| PB 0x0000000304e00000| Untracked 
|  36|0x0000000305000000, 0x0000000305000000, 0x0000000305200000|  0%| F|  |TAMS 0x0000000305000000| PB 0x0000000305000000| Untracked 
|  37|0x0000000305200000, 0x0000000305200000, 0x0000000305400000|  0%| F|  |TAMS 0x0000000305200000| PB 0x0000000305200000| Untracked 
|  38|0x0000000305400000, 0x0000000305400000, 0x0000000305600000|  0%| F|  |TAMS 0x0000000305400000| PB 0x0000000305400000| Untracked 
|  39|0x0000000305600000, 0x0000000305600000, 0x0000000305800000|  0%| F|  |TAMS 0x0000000305600000| PB 0x0000000305600000| Untracked 
|  40|0x0000000305800000, 0x0000000305800000, 0x0000000305a00000|  0%| F|  |TAMS 0x0000000305800000| PB 0x0000000305800000| Untracked 
|  41|0x0000000305a00000, 0x0000000305a00000, 0x0000000305c00000|  0%| F|  |TAMS 0x0000000305a00000| PB 0x0000000305a00000| Untracked 
|  42|0x0000000305c00000, 0x0000000305c00000, 0x0000000305e00000|  0%| F|  |TAMS 0x0000000305c00000| PB 0x0000000305c00000| Untracked 
|  43|0x0000000305e00000, 0x0000000305e00000, 0x0000000306000000|  0%| F|  |TAMS 0x0000000305e00000| PB 0x0000000305e00000| Untracked 
|  44|0x0000000306000000, 0x0000000306000000, 0x0000000306200000|  0%| F|  |TAMS 0x0000000306000000| PB 0x0000000306000000| Untracked 
|  45|0x0000000306200000, 0x0000000306200000, 0x0000000306400000|  0%| F|  |TAMS 0x0000000306200000| PB 0x0000000306200000| Untracked 
|  46|0x0000000306400000, 0x0000000306400000, 0x0000000306600000|  0%| F|  |TAMS 0x0000000306400000| PB 0x0000000306400000| Untracked 
|  47|0x0000000306600000, 0x0000000306600000, 0x0000000306800000|  0%| F|  |TAMS 0x0000000306600000| PB 0x0000000306600000| Untracked 
|  48|0x0000000306800000, 0x0000000306800000, 0x0000000306a00000|  0%| F|  |TAMS 0x0000000306800000| PB 0x0000000306800000| Untracked 
|  49|0x0000000306a00000, 0x0000000306a00000, 0x0000000306c00000|  0%| F|  |TAMS 0x0000000306a00000| PB 0x0000000306a00000| Untracked 
|  50|0x0000000306c00000, 0x0000000306c00000, 0x0000000306e00000|  0%| F|  |TAMS 0x0000000306c00000| PB 0x0000000306c00000| Untracked 
|  51|0x0000000306e00000, 0x0000000306e00000, 0x0000000307000000|  0%| F|  |TAMS 0x0000000306e00000| PB 0x0000000306e00000| Untracked 
|  52|0x0000000307000000, 0x0000000307143650, 0x0000000307200000| 63%| S|CS|TAMS 0x0000000307000000| PB 0x0000000307000000| Complete 
|  53|0x0000000307200000, 0x0000000307400000, 0x0000000307400000|100%| S|CS|TAMS 0x0000000307200000| PB 0x0000000307200000| Complete 
|  54|0x0000000307400000, 0x0000000307600000, 0x0000000307600000|100%| S|CS|TAMS 0x0000000307400000| PB 0x0000000307400000| Complete 
|  55|0x0000000307600000, 0x0000000307800000, 0x0000000307800000|100%| S|CS|TAMS 0x0000000307600000| PB 0x0000000307600000| Complete 
|  56|0x0000000307800000, 0x0000000307800000, 0x0000000307a00000|  0%| F|  |TAMS 0x0000000307800000| PB 0x0000000307800000| Untracked 
|  57|0x0000000307a00000, 0x0000000307a00000, 0x0000000307c00000|  0%| F|  |TAMS 0x0000000307a00000| PB 0x0000000307a00000| Untracked 
|  58|0x0000000307c00000, 0x0000000307c00000, 0x0000000307e00000|  0%| F|  |TAMS 0x0000000307c00000| PB 0x0000000307c00000| Untracked 
|  59|0x0000000307e00000, 0x0000000307e00000, 0x0000000308000000|  0%| F|  |TAMS 0x0000000307e00000| PB 0x0000000307e00000| Untracked 
|  60|0x0000000308000000, 0x0000000308000000, 0x0000000308200000|  0%| F|  |TAMS 0x0000000308000000| PB 0x0000000308000000| Untracked 
|  61|0x0000000308200000, 0x0000000308200000, 0x0000000308400000|  0%| F|  |TAMS 0x0000000308200000| PB 0x0000000308200000| Untracked 
|  62|0x0000000308400000, 0x0000000308400000, 0x0000000308600000|  0%| F|  |TAMS 0x0000000308400000| PB 0x0000000308400000| Untracked 
|  63|0x0000000308600000, 0x0000000308600000, 0x0000000308800000|  0%| F|  |TAMS 0x0000000308600000| PB 0x0000000308600000| Untracked 
|  64|0x0000000308800000, 0x0000000308800000, 0x0000000308a00000|  0%| F|  |TAMS 0x0000000308800000| PB 0x0000000308800000| Untracked 
|  65|0x0000000308a00000, 0x0000000308a00000, 0x0000000308c00000|  0%| F|  |TAMS 0x0000000308a00000| PB 0x0000000308a00000| Untracked 
|  66|0x0000000308c00000, 0x0000000308c00000, 0x0000000308e00000|  0%| F|  |TAMS 0x0000000308c00000| PB 0x0000000308c00000| Untracked 
|  67|0x0000000308e00000, 0x0000000308e00000, 0x0000000309000000|  0%| F|  |TAMS 0x0000000308e00000| PB 0x0000000308e00000| Untracked 
|  68|0x0000000309000000, 0x0000000309000000, 0x0000000309200000|  0%| F|  |TAMS 0x0000000309000000| PB 0x0000000309000000| Untracked 
|  69|0x0000000309200000, 0x0000000309200000, 0x0000000309400000|  0%| F|  |TAMS 0x0000000309200000| PB 0x0000000309200000| Untracked 
|  70|0x0000000309400000, 0x0000000309400000, 0x0000000309600000|  0%| F|  |TAMS 0x0000000309400000| PB 0x0000000309400000| Untracked 
|  71|0x0000000309600000, 0x0000000309600000, 0x0000000309800000|  0%| F|  |TAMS 0x0000000309600000| PB 0x0000000309600000| Untracked 
|  72|0x0000000309800000, 0x0000000309800000, 0x0000000309a00000|  0%| F|  |TAMS 0x0000000309800000| PB 0x0000000309800000| Untracked 
|  73|0x0000000309a00000, 0x0000000309a00000, 0x0000000309c00000|  0%| F|  |TAMS 0x0000000309a00000| PB 0x0000000309a00000| Untracked 
|  74|0x0000000309c00000, 0x0000000309c00000, 0x0000000309e00000|  0%| F|  |TAMS 0x0000000309c00000| PB 0x0000000309c00000| Untracked 
|  75|0x0000000309e00000, 0x0000000309e00000, 0x000000030a000000|  0%| F|  |TAMS 0x0000000309e00000| PB 0x0000000309e00000| Untracked 
|  76|0x000000030a000000, 0x000000030a000000, 0x000000030a200000|  0%| F|  |TAMS 0x000000030a000000| PB 0x000000030a000000| Untracked 
|  77|0x000000030a200000, 0x000000030a200000, 0x000000030a400000|  0%| F|  |TAMS 0x000000030a200000| PB 0x000000030a200000| Untracked 
|  78|0x000000030a400000, 0x000000030a400000, 0x000000030a600000|  0%| F|  |TAMS 0x000000030a400000| PB 0x000000030a400000| Untracked 
|  79|0x000000030a600000, 0x000000030a600000, 0x000000030a800000|  0%| F|  |TAMS 0x000000030a600000| PB 0x000000030a600000| Untracked 
|  80|0x000000030a800000, 0x000000030a800000, 0x000000030aa00000|  0%| F|  |TAMS 0x000000030a800000| PB 0x000000030a800000| Untracked 
|  81|0x000000030aa00000, 0x000000030aa00000, 0x000000030ac00000|  0%| F|  |TAMS 0x000000030aa00000| PB 0x000000030aa00000| Untracked 
|  82|0x000000030ac00000, 0x000000030ac00000, 0x000000030ae00000|  0%| F|  |TAMS 0x000000030ac00000| PB 0x000000030ac00000| Untracked 
|  83|0x000000030ae00000, 0x000000030ae00000, 0x000000030b000000|  0%| F|  |TAMS 0x000000030ae00000| PB 0x000000030ae00000| Untracked 
|  84|0x000000030b000000, 0x000000030b000000, 0x000000030b200000|  0%| F|  |TAMS 0x000000030b000000| PB 0x000000030b000000| Untracked 
|  85|0x000000030b200000, 0x000000030b200000, 0x000000030b400000|  0%| F|  |TAMS 0x000000030b200000| PB 0x000000030b200000| Untracked 
|  86|0x000000030b400000, 0x000000030b400000, 0x000000030b600000|  0%| F|  |TAMS 0x000000030b400000| PB 0x000000030b400000| Untracked 
|  87|0x000000030b600000, 0x000000030b600000, 0x000000030b800000|  0%| F|  |TAMS 0x000000030b600000| PB 0x000000030b600000| Untracked 
|  88|0x000000030b800000, 0x000000030b800000, 0x000000030ba00000|  0%| F|  |TAMS 0x000000030b800000| PB 0x000000030b800000| Untracked 
|  89|0x000000030ba00000, 0x000000030ba00000, 0x000000030bc00000|  0%| F|  |TAMS 0x000000030ba00000| PB 0x000000030ba00000| Untracked 
|  90|0x000000030bc00000, 0x000000030bc00000, 0x000000030be00000|  0%| F|  |TAMS 0x000000030bc00000| PB 0x000000030bc00000| Untracked 
|  91|0x000000030be00000, 0x000000030be00000, 0x000000030c000000|  0%| F|  |TAMS 0x000000030be00000| PB 0x000000030be00000| Untracked 
|  92|0x000000030c000000, 0x000000030c000000, 0x000000030c200000|  0%| F|  |TAMS 0x000000030c000000| PB 0x000000030c000000| Untracked 
|  93|0x000000030c200000, 0x000000030c200000, 0x000000030c400000|  0%| F|  |TAMS 0x000000030c200000| PB 0x000000030c200000| Untracked 
|  94|0x000000030c400000, 0x000000030c400000, 0x000000030c600000|  0%| F|  |TAMS 0x000000030c400000| PB 0x000000030c400000| Untracked 
|  95|0x000000030c600000, 0x000000030c600000, 0x000000030c800000|  0%| F|  |TAMS 0x000000030c600000| PB 0x000000030c600000| Untracked 
|  96|0x000000030c800000, 0x000000030c800000, 0x000000030ca00000|  0%| F|  |TAMS 0x000000030c800000| PB 0x000000030c800000| Untracked 
|  97|0x000000030ca00000, 0x000000030ca00000, 0x000000030cc00000|  0%| F|  |TAMS 0x000000030ca00000| PB 0x000000030ca00000| Untracked 
|  98|0x000000030cc00000, 0x000000030cc00000, 0x000000030ce00000|  0%| F|  |TAMS 0x000000030cc00000| PB 0x000000030cc00000| Untracked 
|  99|0x000000030ce00000, 0x000000030ce00000, 0x000000030d000000|  0%| F|  |TAMS 0x000000030ce00000| PB 0x000000030ce00000| Untracked 
| 100|0x000000030d000000, 0x000000030d000000, 0x000000030d200000|  0%| F|  |TAMS 0x000000030d000000| PB 0x000000030d000000| Untracked 
| 101|0x000000030d200000, 0x000000030d200000, 0x000000030d400000|  0%| F|  |TAMS 0x000000030d200000| PB 0x000000030d200000| Untracked 
| 102|0x000000030d400000, 0x000000030d400000, 0x000000030d600000|  0%| F|  |TAMS 0x000000030d400000| PB 0x000000030d400000| Untracked 
| 103|0x000000030d600000, 0x000000030d600000, 0x000000030d800000|  0%| F|  |TAMS 0x000000030d600000| PB 0x000000030d600000| Untracked 
| 104|0x000000030d800000, 0x000000030d800000, 0x000000030da00000|  0%| F|  |TAMS 0x000000030d800000| PB 0x000000030d800000| Untracked 
| 105|0x000000030da00000, 0x000000030da00000, 0x000000030dc00000|  0%| F|  |TAMS 0x000000030da00000| PB 0x000000030da00000| Untracked 
| 106|0x000000030dc00000, 0x000000030dc00000, 0x000000030de00000|  0%| F|  |TAMS 0x000000030dc00000| PB 0x000000030dc00000| Untracked 
| 107|0x000000030de00000, 0x000000030de00000, 0x000000030e000000|  0%| F|  |TAMS 0x000000030de00000| PB 0x000000030de00000| Untracked 
| 108|0x000000030e000000, 0x000000030e000000, 0x000000030e200000|  0%| F|  |TAMS 0x000000030e000000| PB 0x000000030e000000| Untracked 
| 109|0x000000030e200000, 0x000000030e200000, 0x000000030e400000|  0%| F|  |TAMS 0x000000030e200000| PB 0x000000030e200000| Untracked 
| 110|0x000000030e400000, 0x000000030e400000, 0x000000030e600000|  0%| F|  |TAMS 0x000000030e400000| PB 0x000000030e400000| Untracked 
| 111|0x000000030e600000, 0x000000030e600000, 0x000000030e800000|  0%| F|  |TAMS 0x000000030e600000| PB 0x000000030e600000| Untracked 
| 112|0x000000030e800000, 0x000000030e85c2c0, 0x000000030ea00000| 18%| E|  |TAMS 0x000000030e800000| PB 0x000000030e800000| Complete 
| 113|0x000000030ea00000, 0x000000030ec00000, 0x000000030ec00000|100%| E|CS|TAMS 0x000000030ea00000| PB 0x000000030ea00000| Complete 
| 114|0x000000030ec00000, 0x000000030ee00000, 0x000000030ee00000|100%| E|CS|TAMS 0x000000030ec00000| PB 0x000000030ec00000| Complete 
| 115|0x000000030ee00000, 0x000000030f000000, 0x000000030f000000|100%| E|CS|TAMS 0x000000030ee00000| PB 0x000000030ee00000| Complete 
| 116|0x000000030f000000, 0x000000030f200000, 0x000000030f200000|100%| E|CS|TAMS 0x000000030f000000| PB 0x000000030f000000| Complete 
| 117|0x000000030f200000, 0x000000030f400000, 0x000000030f400000|100%| E|CS|TAMS 0x000000030f200000| PB 0x000000030f200000| Complete 
| 118|0x000000030f400000, 0x000000030f600000, 0x000000030f600000|100%| E|CS|TAMS 0x000000030f400000| PB 0x000000030f400000| Complete 
| 119|0x000000030f600000, 0x000000030f800000, 0x000000030f800000|100%| E|CS|TAMS 0x000000030f600000| PB 0x000000030f600000| Complete 
| 120|0x000000030f800000, 0x000000030fa00000, 0x000000030fa00000|100%| E|CS|TAMS 0x000000030f800000| PB 0x000000030f800000| Complete 
| 121|0x000000030fa00000, 0x000000030fc00000, 0x000000030fc00000|100%| E|CS|TAMS 0x000000030fa00000| PB 0x000000030fa00000| Complete 
| 122|0x000000030fc00000, 0x000000030fe00000, 0x000000030fe00000|100%| E|CS|TAMS 0x000000030fc00000| PB 0x000000030fc00000| Complete 
| 123|0x000000030fe00000, 0x0000000310000000, 0x0000000310000000|100%| E|CS|TAMS 0x000000030fe00000| PB 0x000000030fe00000| Complete 
| 124|0x0000000310000000, 0x0000000310200000, 0x0000000310200000|100%| E|CS|TAMS 0x0000000310000000| PB 0x0000000310000000| Complete 
| 125|0x0000000310200000, 0x0000000310400000, 0x0000000310400000|100%| E|CS|TAMS 0x0000000310200000| PB 0x0000000310200000| Complete 
| 126|0x0000000310400000, 0x0000000310600000, 0x0000000310600000|100%| E|CS|TAMS 0x0000000310400000| PB 0x0000000310400000| Complete 
| 127|0x0000000310600000, 0x0000000310800000, 0x0000000310800000|100%| E|CS|TAMS 0x0000000310600000| PB 0x0000000310600000| Complete 
|2047|0x0000000400600000, 0x0000000400708230, 0x0000000400800000| 51%| O|  |TAMS 0x0000000400600000| PB 0x0000000400600000| Untracked 

Card table byte_map: [0x0000000120de0000,0x00000001215e0000] _byte_map_base: 0x000000011f5dc000

Marking Bits: (CMBitMap*) 0x00000001030b6330
 Bits: [0x00000001215e0000, 0x00000001255e0000)

Polling page: 0x00000001029f8000

Metaspace:

Usage:
  Non-class:     16.64 MB used.
      Class:      2.76 MB used.
       Both:     19.40 MB used.

Virtual space:
  Non-class space:       64.00 MB reserved,      16.81 MB ( 26%) committed,  1 nodes.
      Class space:        1.00 GB reserved,       2.88 MB ( <1%) committed,  1 nodes.
             Both:        1.06 GB reserved,      19.69 MB (  2%) committed. 

Chunk freelists:
   Non-Class:  14.80 MB
       Class:  13.08 MB
        Both:  27.87 MB

MaxMetaspaceSize: unlimited
CompressedClassSpaceSize: 1.00 GB
Initial GC threshold: 21.00 MB
Current GC threshold: 21.00 MB
CDS: on
 - commit_granule_bytes: 65536.
 - commit_granule_words: 8192.
 - virtual_space_node_default_size: 8388608.
 - enlarge_chunks_in_place: 1.
 - use_allocation_guard: 0.


Internal statistics:

num_allocs_failed_limit: 0.
num_arena_births: 262.
num_arena_deaths: 0.
num_vsnodes_births: 2.
num_vsnodes_deaths: 0.
num_space_committed: 315.
num_space_uncommitted: 0.
num_chunks_returned_to_freelist: 0.
num_chunks_taken_from_freelist: 960.
num_chunk_merges: 0.
num_chunk_splits: 675.
num_chunks_enlarged: 539.
num_inconsistent_stats: 0.

CodeHeap 'non-profiled nmethods': size=120032Kb used=7614Kb max_used=7614Kb free=112417Kb
 bounds [0x00000001198a8000, 0x000000011a018000, 0x0000000120de0000]
CodeHeap 'profiled nmethods': size=120016Kb used=16546Kb max_used=16546Kb free=103469Kb
 bounds [0x0000000111de0000, 0x0000000112e10000, 0x0000000119314000]
CodeHeap 'non-nmethods': size=5712Kb used=1652Kb max_used=1732Kb free=4059Kb
 bounds [0x0000000119314000, 0x0000000119584000, 0x00000001198a8000]
CodeCache: size=245760Kb, used=25812Kb, max_used=25892Kb, free=219945Kb
 total_blobs=8121, nmethods=7289, adapters=738, full_count=0
Compilation: enabled, stopped_count=0, restarted_count=0

Compilation events (20 events):
Event: 329.423 Thread 0x00000001030c9c60 nmethod 13601 0x0000000112e04490 code [0x0000000112e04640, 0x0000000112e047b0]
Event: 329.425 Thread 0x00000001030c9c60 13603       3       com.sun.prism.impl.ps.PaintHelper::setMultiGradient (177 bytes)
Event: 329.426 Thread 0x00000001030c9c60 nmethod 13603 0x0000000112e04890 code [0x0000000112e04c40, 0x0000000112e05b98]
Event: 329.432 Thread 0x00000001030c9460 nmethod 13599 0x000000011a016d10 code [0x000000011a016f00, 0x000000011a017368]
Event: 329.432 Thread 0x00000001030c9460 13602       4       java.lang.Double::doubleToLongBits (16 bytes)
Event: 329.433 Thread 0x00000001030c9460 nmethod 13602 0x000000011a017690 code [0x000000011a017800, 0x000000011a017890]
Event: 329.718 Thread 0x00000001030c9c60 13604       3       java.util.HashMap::entrySet (27 bytes)
Event: 329.718 Thread 0x00000001030c9c60 nmethod 13604 0x0000000112e06090 code [0x0000000112e06280, 0x0000000112e06640]
Event: 329.718 Thread 0x00000001030c9c60 13605       3       java.util.HashMap$EntrySet::iterator (12 bytes)
Event: 329.719 Thread 0x00000001030c9c60 nmethod 13605 0x0000000112e06790 code [0x0000000112e06940, 0x0000000112e06b70]
Event: 329.719 Thread 0x00000001030c9c60 13606       3       java.util.HashMap$EntryIterator::<init> (6 bytes)
Event: 329.719 Thread 0x00000001030c9c60 nmethod 13606 0x0000000112e06c90 code [0x0000000112e06e40, 0x0000000112e06fb0]
Event: 329.719 Thread 0x00000001030c9c60 13607       3       java.lang.invoke.DirectMethodHandle$Holder::invokeStatic (15 bytes)
Event: 329.719 Thread 0x00000001030c9c60 nmethod 13607 0x0000000112e07090 code [0x0000000112e07280, 0x0000000112e07660]
Event: 329.731 Thread 0x00000001030c9c60 13608       3       java.lang.invoke.DelegatingMethodHandle::<init> (10 bytes)
Event: 329.731 Thread 0x00000001030c9c60 nmethod 13608 0x0000000112e07790 code [0x0000000112e07980, 0x0000000112e07db8]
Event: 329.731 Thread 0x00000001030c9c60 13609       3       java.lang.invoke.DelegatingMethodHandle::chooseDelegatingForm (24 bytes)
Event: 329.731 Thread 0x00000001030c9c60 nmethod 13609 0x0000000112e07f10 code [0x0000000112e080c0, 0x0000000112e08410]
Event: 329.733 Thread 0x00000001030c9c60 13610       3       java.util.concurrent.ConcurrentHashMap::sumCount (60 bytes)
Event: 329.733 Thread 0x00000001030c9c60 nmethod 13610 0x0000000112e08510 code [0x0000000112e086c0, 0x0000000112e08920]

GC Heap History (20 events):
Event: 0.364 GC heap before
{Heap before GC invocations=0 (full 0):
 garbage-first heap   total 264192K, used 21536K [0x0000000300800000, 0x0000000400800000)
  region size 2048K, 11 young (22528K), 0 survivors (0K)
 Metaspace       used 4288K, committed 4480K, reserved 1114112K
  class space    used 498K, committed 576K, reserved 1048576K
}
Event: 0.365 GC heap after
{Heap after GC invocations=1 (full 0):
 garbage-first heap   total 264192K, used 3360K [0x0000000300800000, 0x0000000400800000)
  region size 2048K, 2 young (4096K), 2 survivors (4096K)
 Metaspace       used 4288K, committed 4480K, reserved 1114112K
  class space    used 498K, committed 576K, reserved 1048576K
}
Event: 1.942 GC heap before
{Heap before GC invocations=1 (full 0):
 garbage-first heap   total 264192K, used 72992K [0x0000000300800000, 0x0000000400800000)
  region size 2048K, 35 young (71680K), 2 survivors (4096K)
 Metaspace       used 16749K, committed 17024K, reserved 1114112K
  class space    used 2518K, committed 2688K, reserved 1048576K
}
Event: 1.958 GC heap after
{Heap after GC invocations=2 (full 0):
 garbage-first heap   total 264192K, used 13158K [0x0000000300800000, 0x0000000400800000)
  region size 2048K, 5 young (10240K), 5 survivors (10240K)
 Metaspace       used 16749K, committed 17024K, reserved 1114112K
  class space    used 2518K, committed 2688K, reserved 1048576K
}
Event: 34.550 GC heap before
{Heap before GC invocations=2 (full 0):
 garbage-first heap   total 264192K, used 172902K [0x0000000300800000, 0x0000000400800000)
  region size 2048K, 76 young (155648K), 5 survivors (10240K)
 Metaspace       used 19131K, committed 19392K, reserved 1114112K
  class space    used 2702K, committed 2816K, reserved 1048576K
}
Event: 34.559 GC heap after
{Heap after GC invocations=3 (full 0):
 garbage-first heap   total 264192K, used 23203K [0x0000000300800000, 0x0000000400800000)
  region size 2048K, 8 young (16384K), 8 survivors (16384K)
 Metaspace       used 19131K, committed 19392K, reserved 1114112K
  class space    used 2702K, committed 2816K, reserved 1048576K
}
Event: 52.906 GC heap before
{Heap before GC invocations=3 (full 0):
 garbage-first heap   total 264192K, used 162467K [0x0000000300800000, 0x0000000400800000)
  region size 2048K, 76 young (155648K), 8 survivors (16384K)
 Metaspace       used 19165K, committed 19456K, reserved 1114112K
  class space    used 2702K, committed 2816K, reserved 1048576K
}
Event: 52.914 GC heap after
{Heap after GC invocations=4 (full 0):
 garbage-first heap   total 264192K, used 23396K [0x0000000300800000, 0x0000000400800000)
  region size 2048K, 4 young (8192K), 4 survivors (8192K)
 Metaspace       used 19165K, committed 19456K, reserved 1114112K
  class space    used 2702K, committed 2816K, reserved 1048576K
}
Event: 76.013 GC heap before
{Heap before GC invocations=4 (full 0):
 garbage-first heap   total 264192K, used 170852K [0x0000000300800000, 0x0000000400800000)
  region size 2048K, 76 young (155648K), 4 survivors (8192K)
 Metaspace       used 19192K, committed 19456K, reserved 1114112K
  class space    used 2702K, committed 2816K, reserved 1048576K
}
Event: 76.018 GC heap after
{Heap after GC invocations=5 (full 0):
 garbage-first heap   total 264192K, used 23498K [0x0000000300800000, 0x0000000400800000)
  region size 2048K, 4 young (8192K), 4 survivors (8192K)
 Metaspace       used 19192K, committed 19456K, reserved 1114112K
  class space    used 2702K, committed 2816K, reserved 1048576K
}
Event: 126.959 GC heap before
{Heap before GC invocations=5 (full 0):
 garbage-first heap   total 264192K, used 170954K [0x0000000300800000, 0x0000000400800000)
  region size 2048K, 76 young (155648K), 4 survivors (8192K)
 Metaspace       used 19205K, committed 19456K, reserved 1114112K
  class space    used 2702K, committed 2816K, reserved 1048576K
}
Event: 126.996 GC heap after
{Heap after GC invocations=6 (full 0):
 garbage-first heap   total 264192K, used 23157K [0x0000000300800000, 0x0000000400800000)
  region size 2048K, 4 young (8192K), 4 survivors (8192K)
 Metaspace       used 19205K, committed 19456K, reserved 1114112K
  class space    used 2702K, committed 2816K, reserved 1048576K
}
Event: 220.973 GC heap before
{Heap before GC invocations=6 (full 0):
 garbage-first heap   total 264192K, used 170613K [0x0000000300800000, 0x0000000400800000)
  region size 2048K, 76 young (155648K), 4 survivors (8192K)
 Metaspace       used 19257K, committed 19520K, reserved 1114112K
  class space    used 2702K, committed 2816K, reserved 1048576K
}
Event: 220.979 GC heap after
{Heap after GC invocations=7 (full 0):
 garbage-first heap   total 264192K, used 23859K [0x0000000300800000, 0x0000000400800000)
  region size 2048K, 4 young (8192K), 4 survivors (8192K)
 Metaspace       used 19257K, committed 19520K, reserved 1114112K
  class space    used 2702K, committed 2816K, reserved 1048576K
}
Event: 240.071 GC heap before
{Heap before GC invocations=7 (full 0):
 garbage-first heap   total 264192K, used 171315K [0x0000000300800000, 0x0000000400800000)
  region size 2048K, 76 young (155648K), 4 survivors (8192K)
 Metaspace       used 19273K, committed 19520K, reserved 1114112K
  class space    used 2702K, committed 2816K, reserved 1048576K
}
Event: 240.076 GC heap after
{Heap after GC invocations=8 (full 0):
 garbage-first heap   total 264192K, used 24171K [0x0000000300800000, 0x0000000400800000)
  region size 2048K, 4 young (8192K), 4 survivors (8192K)
 Metaspace       used 19273K, committed 19520K, reserved 1114112K
  class space    used 2702K, committed 2816K, reserved 1048576K
}
Event: 262.892 GC heap before
{Heap before GC invocations=8 (full 0):
 garbage-first heap   total 264192K, used 171627K [0x0000000300800000, 0x0000000400800000)
  region size 2048K, 76 young (155648K), 4 survivors (8192K)
 Metaspace       used 19275K, committed 19520K, reserved 1114112K
  class space    used 2702K, committed 2816K, reserved 1048576K
}
Event: 262.900 GC heap after
{Heap after GC invocations=9 (full 0):
 garbage-first heap   total 264192K, used 24366K [0x0000000300800000, 0x0000000400800000)
  region size 2048K, 4 young (8192K), 4 survivors (8192K)
 Metaspace       used 19275K, committed 19520K, reserved 1114112K
  class space    used 2702K, committed 2816K, reserved 1048576K
}
Event: 314.570 GC heap before
{Heap before GC invocations=9 (full 0):
 garbage-first heap   total 264192K, used 171822K [0x0000000300800000, 0x0000000400800000)
  region size 2048K, 76 young (155648K), 4 survivors (8192K)
 Metaspace       used 19275K, committed 19520K, reserved 1114112K
  class space    used 2702K, committed 2816K, reserved 1048576K
}
Event: 314.602 GC heap after
{Heap after GC invocations=10 (full 0):
 garbage-first heap   total 264192K, used 23612K [0x0000000300800000, 0x0000000400800000)
  region size 2048K, 4 young (8192K), 4 survivors (8192K)
 Metaspace       used 19275K, committed 19520K, reserved 1114112K
  class space    used 2702K, committed 2816K, reserved 1048576K
}

Dll operation events (11 events):
Event: 0.006 Loaded shared library /Library/Java/JavaVirtualMachines/temurin-21.jdk/Contents/Home/lib/libjava.dylib
Event: 0.036 Loaded shared library /Library/Java/JavaVirtualMachines/temurin-21.jdk/Contents/Home/lib/libnio.dylib
Event: 0.069 Loaded shared library /Library/Java/JavaVirtualMachines/temurin-21.jdk/Contents/Home/lib/libzip.dylib
Event: 0.122 Loaded shared library /Library/Java/JavaVirtualMachines/temurin-21.jdk/Contents/Home/lib/libzip.dylib
Event: 0.123 Loaded shared library /Library/Java/JavaVirtualMachines/temurin-21.jdk/Contents/Home/lib/libinstrument.dylib
Event: 0.131 Loaded shared library /Library/Java/JavaVirtualMachines/temurin-21.jdk/Contents/Home/lib/libnet.dylib
Event: 0.136 Loaded shared library /Library/Java/JavaVirtualMachines/temurin-21.jdk/Contents/Home/lib/libextnet.dylib
Event: 0.184 Loaded shared library /Users/acayuela/Downloads/javafx-sdk-17.0.18/lib/libprism_es2.dylib
Event: 0.250 Loaded shared library /Users/acayuela/Downloads/javafx-sdk-17.0.18/lib/libglass.dylib
Event: 0.402 Loaded shared library /Users/acayuela/Downloads/javafx-sdk-17.0.18/lib/libjavafx_font.dylib
Event: 0.462 Loaded shared library /Library/Java/JavaVirtualMachines/temurin-21.jdk/Contents/Home/lib/libjimage.dylib

Deoptimization events (20 events):
Event: 329.756 Thread 0x0000000a9c5c4700 Uncommon trap: trap_request=0xffffff45 fr.pc=0x0000000119d15eb0 relative=0x00000000000004f0
Event: 329.756 Thread 0x0000000a9c5c4700 Uncommon trap: reason=unstable_if action=reinterpret pc=0x0000000119d15eb0 method=com.sun.glass.ui.Timer.resume()V @ 6 c2
Event: 329.756 Thread 0x0000000a9c5c4700 DEOPT PACKING pc=0x0000000119d15eb0 sp=0x000000016d4286a0
Event: 329.756 Thread 0x0000000a9c5c4700 DEOPT UNPACKING pc=0x000000011935701c sp=0x000000016d428530 mode 2
Event: 329.775 Thread 0x0000000a9c5c4700 Uncommon trap: trap_request=0xffffff45 fr.pc=0x0000000119b3ce20 relative=0x0000000000000760
Event: 329.775 Thread 0x0000000a9c5c4700 Uncommon trap: reason=unstable_if action=reinterpret pc=0x0000000119b3ce20 method=com.sun.glass.ui.Timer.resume()V @ 6 c2
Event: 329.775 Thread 0x0000000a9c5c4700 DEOPT PACKING pc=0x0000000119b3ce20 sp=0x000000016d428e80
Event: 329.775 Thread 0x0000000a9c5c4700 DEOPT UNPACKING pc=0x000000011935701c sp=0x000000016d428c20 mode 2
Event: 330.377 Thread 0x0000000a9c833100 Uncommon trap: trap_request=0xffffff45 fr.pc=0x0000000119da8b28 relative=0x0000000000000528
Event: 330.377 Thread 0x0000000a9c833100 Uncommon trap: reason=unstable_if action=reinterpret pc=0x0000000119da8b28 method=java.util.concurrent.locks.AbstractQueuedSynchronizer$ConditionNode.isReleasable()Z @ 14 c2
Event: 330.377 Thread 0x0000000a9c833100 DEOPT PACKING pc=0x0000000119da8b28 sp=0x000000016fcae6e0
Event: 330.377 Thread 0x0000000a9c833100 DEOPT UNPACKING pc=0x000000011935701c sp=0x000000016fcae4e0 mode 2
Event: 330.377 Thread 0x0000000a9c833100 Uncommon trap: trap_request=0xffffff45 fr.pc=0x0000000119d7cb64 relative=0x0000000000000064
Event: 330.377 Thread 0x0000000a9c833100 Uncommon trap: reason=unstable_if action=reinterpret pc=0x0000000119d7cb64 method=java.lang.Thread.getAndClearInterrupt()Z @ 6 c2
Event: 330.377 Thread 0x0000000a9c833100 DEOPT PACKING pc=0x0000000119d7cb64 sp=0x000000016fcae680
Event: 330.377 Thread 0x0000000a9c833100 DEOPT UNPACKING pc=0x000000011935701c sp=0x000000016fcae5b0 mode 2
Event: 330.377 Thread 0x0000000a9c833100 Uncommon trap: trap_request=0xffffff45 fr.pc=0x0000000119f980f0 relative=0x0000000000000a30
Event: 330.377 Thread 0x0000000a9c833100 Uncommon trap: reason=unstable_if action=reinterpret pc=0x0000000119f980f0 method=java.util.concurrent.ThreadPoolExecutor.runStateAtLeast(II)Z @ 2 c2
Event: 330.377 Thread 0x0000000a9c833100 DEOPT PACKING pc=0x0000000119f980f0 sp=0x000000016fcae780
Event: 330.377 Thread 0x0000000a9c833100 DEOPT UNPACKING pc=0x000000011935701c sp=0x000000016fcae6c0 mode 2

Classes loaded (20 events):
Event: 19.602 Loading class jdk/internal/math/FormattedFPDecimal
Event: 19.602 Loading class jdk/internal/math/FormattedFPDecimal done
Event: 328.103 Loading class java/io/SequenceInputStream
Event: 328.103 Loading class java/io/SequenceInputStream done
Event: 328.105 Loading class java/io/EOFException
Event: 328.105 Loading class java/io/EOFException done
Event: 328.121 Loading class java/text/BreakIterator
Event: 328.121 Loading class java/text/BreakIterator done
Event: 328.122 Loading class sun/util/locale/provider/BreakIteratorProviderImpl
Event: 328.122 Loading class sun/util/locale/provider/BreakIteratorProviderImpl done
Event: 328.122 Loading class sun/util/locale/provider/BaseLocaleDataMetaInfo
Event: 328.122 Loading class sun/util/locale/provider/BaseLocaleDataMetaInfo done
Event: 328.123 Loading class sun/util/locale/provider/BreakIteratorProviderImpl$GraphemeBreakIterator
Event: 328.123 Loading class sun/util/locale/provider/BreakIteratorProviderImpl$GraphemeBreakIterator done
Event: 328.123 Loading class java/text/StringCharacterIterator
Event: 328.123 Loading class java/text/StringCharacterIterator done
Event: 328.123 Loading class sun/util/locale/provider/BreakIteratorProviderImpl$CharacterIteratorCharSequence
Event: 328.123 Loading class sun/util/locale/provider/BreakIteratorProviderImpl$CharacterIteratorCharSequence done
Event: 328.123 Loading class java/text/BreakIterator$BreakIteratorCache
Event: 328.123 Loading class java/text/BreakIterator$BreakIteratorCache done

Classes unloaded (0 events):
No events

Classes redefined (0 events):
No events

Internal exceptions (20 events):
Event: 4.376 Thread 0x0000000a9c5c4700 Exception <a 'java/lang/NoSuchMethodError'{0x000000030f6318a8}: 'java.lang.Object java.lang.invoke.Invokers$Holder.linkToTargetMethod(java.lang.Object, java.lang.Object, int, int, int, int, int, java.lang.Object)'> (0x000000030f6318a8) 
thrown [src/hotspot/share/interpreter/linkResolver.cpp, line 773]
Event: 16.943 Thread 0x0000000a9c5c4700 Exception <a 'java/lang/NoSuchMethodError'{0x000000030f2fbaa0}: 'int java.lang.invoke.DirectMethodHandle$Holder.invokeVirtual(java.lang.Object, java.lang.Object)'> (0x000000030f2fbaa0) 
thrown [src/hotspot/share/interpreter/linkResolver.cpp, line 773]
Event: 16.956 Thread 0x0000000a9c5c4700 Implicit null exception at 0x0000000119ae3d70 to 0x0000000119ae40b8
Event: 16.958 Thread 0x0000000a9b0ef100 Exception <a 'java/lang/NoSuchMethodError'{0x000000030ee068d0}: 'java.lang.Object java.lang.invoke.DirectMethodHandle$Holder.newInvokeSpecial(java.lang.Object, java.lang.Object, double, java.lang.Object)'> (0x000000030ee068d0) 
thrown [src/hotspot/share/interpreter/linkResolver.cpp, line 773]
Event: 16.958 Thread 0x0000000a9b0ef100 Exception <a 'java/lang/NoSuchMethodError'{0x000000030ee0a788}: 'java.lang.Object java.lang.invoke.DirectMethodHandle$Holder.invokeSpecial(java.lang.Object, java.lang.Object, java.lang.Object, double, java.lang.Object)'> (0x000000030ee0a788) 
thrown [src/hotspot/share/interpreter/linkResolver.cpp, line 773]
Event: 69.753 Thread 0x0000000a9c5c4700 Implicit null exception at 0x0000000119cd436c to 0x0000000119cd85c4
Event: 202.920 Thread 0x0000000a9b3e4e00 Implicit null exception at 0x0000000119e4a110 to 0x0000000119e4ac20
Event: 202.920 Thread 0x0000000a9c5c4700 Implicit null exception at 0x0000000119d482f4 to 0x0000000119d49680
Event: 203.321 Thread 0x0000000a9c5c4700 Implicit null exception at 0x0000000119e12e3c to 0x0000000119e13168
Event: 203.321 Thread 0x0000000a9c5c4700 Implicit null exception at 0x0000000119d27494 to 0x0000000119d27c98
Event: 203.321 Thread 0x0000000a9c5c4700 Implicit null exception at 0x0000000119e1b4bc to 0x0000000119e1bae0
Event: 203.322 Thread 0x0000000a9c5c4700 Implicit null exception at 0x0000000119d22b4c to 0x0000000119d2301c
Event: 205.190 Thread 0x0000000a9c5c4700 Implicit null exception at 0x0000000119ddd6c0 to 0x0000000119dddef4
Event: 328.094 Thread 0x0000000a9c5c4700 Implicit null exception at 0x0000000119f4f550 to 0x0000000119f52188
Event: 328.116 Thread 0x0000000a9c5c4700 Implicit null exception at 0x0000000119f65928 to 0x0000000119f65d6c
Event: 328.120 Thread 0x0000000a9c5c4700 Implicit null exception at 0x0000000119ccf7c4 to 0x0000000119cd1fa4
Event: 328.120 Thread 0x0000000a9c5c4700 Implicit null exception at 0x0000000119d84d28 to 0x0000000119d878f4
Event: 328.121 Thread 0x0000000a9c5c4700 Implicit null exception at 0x0000000119de4fe4 to 0x0000000119de51a8
Event: 328.142 Thread 0x0000000a9c833100 Implicit null exception at 0x0000000119fdd178 to 0x0000000119fe0168
Event: 328.143 Thread 0x0000000a9c833100 Implicit null exception at 0x0000000119c2c258 to 0x0000000119c2d8cc

ZGC Phase Switch (0 events):
No events

VM Operations (20 events):
Event: 314.570 Executing VM operation: G1CollectForAllocation (G1 Evacuation Pause)
Event: 314.602 Executing VM operation: G1CollectForAllocation (G1 Evacuation Pause) done
Event: 319.616 Executing VM operation: Cleanup
Event: 319.616 Executing VM operation: Cleanup done
Event: 326.641 Executing VM operation: Cleanup
Event: 326.641 Executing VM operation: Cleanup done
Event: 327.644 Executing VM operation: Cleanup
Event: 327.644 Executing VM operation: Cleanup done
Event: 328.110 Executing VM operation: HandshakeAllThreads (Deoptimize)
Event: 328.110 Executing VM operation: HandshakeAllThreads (Deoptimize) done
Event: 328.110 Executing VM operation: HandshakeAllThreads (Deoptimize)
Event: 328.110 Executing VM operation: HandshakeAllThreads (Deoptimize) done
Event: 328.118 Executing VM operation: HandshakeAllThreads (Deoptimize)
Event: 328.118 Executing VM operation: HandshakeAllThreads (Deoptimize) done
Event: 328.123 Executing VM operation: ICBufferFull
Event: 328.123 Executing VM operation: ICBufferFull done
Event: 329.128 Executing VM operation: Cleanup
Event: 329.129 Executing VM operation: Cleanup done
Event: 330.131 Executing VM operation: Cleanup
Event: 330.131 Executing VM operation: Cleanup done

Memory protections (20 events):
Event: 326.119 Protecting memory [0x000000016ff50000,0x000000016ff5c000] with protection modes 3
Event: 326.570 Protecting memory [0x000000016ff50000,0x000000016ff5c000] with protection modes 0
Event: 327.120 Protecting memory [0x000000016ff50000,0x000000016ff5c000] with protection modes 3
Event: 327.153 Protecting memory [0x000000016ff50000,0x000000016ff5c000] with protection modes 0
Event: 327.436 Protecting memory [0x000000016ff50000,0x000000016ff5c000] with protection modes 3
Event: 327.670 Protecting memory [0x000000016ff50000,0x000000016ff5c000] with protection modes 0
Event: 327.953 Protecting memory [0x000000016ff50000,0x000000016ff5c000] with protection modes 3
Event: 328.120 Protecting memory [0x000000016ff50000,0x000000016ff5c000] with protection modes 0
Event: 328.419 Protecting memory [0x000000016ff50000,0x000000016ff5c000] with protection modes 3
Event: 328.853 Protecting memory [0x000000016ff50000,0x000000016ff5c000] with protection modes 0
Event: 329.153 Protecting memory [0x000000016ff50000,0x000000016ff5c000] with protection modes 3
Event: 329.420 Protecting memory [0x000000016ff50000,0x000000016ff5c000] with protection modes 0
Event: 330.377 Protecting memory [0x00000001700f4000,0x0000000170100000] with protection modes 3
Event: 330.377 Protecting memory [0x000000016faac000,0x000000016fab8000] with protection modes 3
Event: 330.377 Protecting memory [0x000000016d4bc000,0x000000016d4c8000] with protection modes 3
Event: 330.377 Protecting memory [0x000000016d4bc000,0x000000016d4c8000] with protection modes 0
Event: 330.377 Protecting memory [0x000000016cc34000,0x000000016cc40000] with protection modes 3
Event: 330.377 Protecting memory [0x000000016faac000,0x000000016fab8000] with protection modes 0
Event: 330.377 Protecting memory [0x000000016faac000,0x000000016fab8000] with protection modes 3
Event: 330.378 Protecting memory [0x000000016d4bc000,0x000000016d4c8000] with protection modes 3

Nmethod flushes (0 events):
No events

Events (20 events):
Event: 326.570 Thread 0x0000000a9b0ef100 Thread added: 0x0000000a9b0ef100
Event: 327.120 Thread 0x0000000a9b0ef100 Thread exited: 0x0000000a9b0ef100
Event: 327.153 Thread 0x0000000a9b0ef100 Thread added: 0x0000000a9b0ef100
Event: 327.437 Thread 0x0000000a9b0ef100 Thread exited: 0x0000000a9b0ef100
Event: 327.670 Thread 0x0000000a9b0ef100 Thread added: 0x0000000a9b0ef100
Event: 327.953 Thread 0x0000000a9b0ef100 Thread exited: 0x0000000a9b0ef100
Event: 328.120 Thread 0x0000000a9b0ef100 Thread added: 0x0000000a9b0ef100
Event: 328.419 Thread 0x0000000a9b0ef100 Thread exited: 0x0000000a9b0ef100
Event: 328.853 Thread 0x0000000a9b0ef100 Thread added: 0x0000000a9b0ef100
Event: 329.153 Thread 0x0000000a9b0ef100 Thread exited: 0x0000000a9b0ef100
Event: 329.420 Thread 0x0000000a9b0ef100 Thread added: 0x0000000a9b0ef100
Event: 330.377 Thread 0x0000000a9c5c4e00 Thread exited: 0x0000000a9c5c4e00
Event: 330.377 Thread 0x0000000a9c833100 Thread exited: 0x0000000a9c833100
Event: 330.377 Thread 0x00000001030ac060 Thread exited: 0x00000001030ac060
Event: 330.377 Thread 0x0000000a9c833100 Thread added: 0x0000000a9c833100
Event: 330.377 Thread 0x0000000a9c5c4700 Thread exited: 0x0000000a9c5c4700
Event: 330.377 Thread 0x0000000a9c833100 Thread added: 0x0000000a9c5c4700
Event: 330.377 Thread 0x0000000a9c5c4700 Thread exited: 0x0000000a9c5c4700
Event: 330.377 Thread 0x0000000a9c833100 Before exit entered
Event: 330.378 Thread 0x0000000a9c833100 Thread exited: 0x0000000a9c833100


Dynamic libraries:
0x0000000102a10000 	/Library/Java/JavaVirtualMachines/temurin-21.jdk/Contents/Home/lib/libjli.dylib
0x00000001a4236000 	/System/Library/Frameworks/Cocoa.framework/Versions/A/Cocoa
0x00000001895fb000 	/System/Library/Frameworks/AppKit.framework/Versions/C/AppKit
0x000000018cc4e000 	/System/Library/Frameworks/CoreData.framework/Versions/A/CoreData
0x00000001869f5000 	/System/Library/Frameworks/Foundation.framework/Versions/C/Foundation
0x0000000194c04000 	/usr/lib/libSystem.B.dylib
0x000000018ad27000 	/System/Library/PrivateFrameworks/UIFoundation.framework/Versions/A/UIFoundation
0x000000023e985000 	/System/Library/PrivateFrameworks/CollectionViewCore.framework/Versions/A/CollectionViewCore
0x0000000191f95000 	/System/Library/PrivateFrameworks/XCTTargetBootstrap.framework/Versions/A/XCTTargetBootstrap
0x0000000197665000 	/System/Library/PrivateFrameworks/InternationalSupport.framework/Versions/A/InternationalSupport
0x00000001979bf000 	/System/Library/PrivateFrameworks/UserActivity.framework/Versions/A/UserActivity
0x000000018d2de000 	/System/Library/PrivateFrameworks/BaseBoard.framework/Versions/A/BaseBoard
0x0000000247150000 	/System/Library/PrivateFrameworks/FrontBoard.framework/Versions/A/FrontBoard
0x000000019f078000 	/System/Library/PrivateFrameworks/FrontBoardServices.framework/Versions/A/FrontBoardServices
0x000000028308d000 	/usr/lib/libRosetta.dylib
0x0000000276946000 	/System/Library/PrivateFrameworks/UIIntelligenceSupport.framework/Versions/A/UIIntelligenceSupport
0x00000002338e2000 	/System/Library/Frameworks/SwiftUICore.framework/Versions/A/SwiftUICore
0x000000027cef6000 	/System/Library/PrivateFrameworks/WritingTools.framework/Versions/A/WritingTools
0x000000027bd47000 	/System/Library/PrivateFrameworks/WindowManagement.framework/Versions/A/WindowManagement
0x0000000186654000 	/System/Library/Frameworks/SystemConfiguration.framework/Versions/A/SystemConfiguration
0x000000019689f000 	/usr/lib/libspindump.dylib
0x000000018aee2000 	/System/Library/Frameworks/UniformTypeIdentifiers.framework/Versions/A/UniformTypeIdentifiers
0x0000000193e9b000 	/usr/lib/libbsm.0.dylib
0x000000018f69f000 	/usr/lib/libapp_launch_measurement.dylib
0x000000018e9a1000 	/System/Library/PrivateFrameworks/CoreAnalytics.framework/Versions/A/CoreAnalytics
0x000000018f6a3000 	/System/Library/PrivateFrameworks/CoreAutoLayout.framework/Versions/A/CoreAutoLayout
0x00000001914e0000 	/System/Library/Frameworks/Metal.framework/Versions/A/Metal
0x00000001928e8000 	/usr/lib/liblangid.dylib
0x0000000191f9b000 	/System/Library/PrivateFrameworks/CoreSVG.framework/Versions/A/CoreSVG
0x000000018b943000 	/System/Library/PrivateFrameworks/SkyLight.framework/Versions/A/SkyLight
0x0000000246e89000 	/System/Library/PrivateFrameworks/FocusEngine.framework/Versions/A/FocusEngine
0x000000018beea000 	/System/Library/Frameworks/CoreGraphics.framework/Versions/A/CoreGraphics
0x0000000244a84000 	/System/Library/PrivateFrameworks/DesignLibrary.framework/Versions/A/DesignLibrary
0x000000019d340000 	/System/Library/Frameworks/Accelerate.framework/Versions/A/Accelerate
0x0000000196694000 	/System/Library/PrivateFrameworks/IconServices.framework/Versions/A/IconServices
0x00000001914b8000 	/System/Library/Frameworks/IOSurface.framework/Versions/A/IOSurface
0x000000018e9d1000 	/usr/lib/libDiagnosticMessagesClient.dylib
0x0000000194b4d000 	/usr/lib/libz.1.dylib
0x00000001a1668000 	/System/Library/Frameworks/ApplicationServices.framework/Versions/A/ApplicationServices
0x0000000191f80000 	/System/Library/PrivateFrameworks/DFRFoundation.framework/Versions/A/DFRFoundation
0x0000000188e4a000 	/usr/lib/libicucore.A.dylib
0x0000000198bfc000 	/System/Library/Frameworks/AudioToolbox.framework/Versions/A/AudioToolbox
0x000000019796d000 	/System/Library/PrivateFrameworks/DataDetectorsCore.framework/Versions/A/DataDetectorsCore
0x0000000277555000 	/System/Library/PrivateFrameworks/UpdateCycle.framework/Versions/A/UpdateCycle
0x00000001b5858000 	/System/Library/PrivateFrameworks/TextInput.framework/Versions/A/TextInput
0x000000018b885000 	/usr/lib/libMobileGestalt.dylib
0x0000000191c7c000 	/System/Library/Frameworks/Carbon.framework/Versions/A/Frameworks/HIToolbox.framework/Versions/A/HIToolbox
0x000000018ef06000 	/System/Library/Frameworks/QuartzCore.framework/Versions/A/QuartzCore
0x0000000188a25000 	/System/Library/Frameworks/Security.framework/Versions/A/Security
0x000000019ccbf000 	/System/Library/Frameworks/Carbon.framework/Versions/A/Frameworks/SpeechRecognition.framework/Versions/A/SpeechRecognition
0x000000018f36e000 	/System/Library/PrivateFrameworks/CoreUI.framework/Versions/A/CoreUI
0x0000000188273000 	/System/Library/Frameworks/CoreAudio.framework/Versions/A/CoreAudio
0x000000018eac5000 	/System/Library/Frameworks/DiskArbitration.framework/Versions/A/DiskArbitration
0x0000000196e3f000 	/System/Library/PrivateFrameworks/MultitouchSupport.framework/Versions/A/MultitouchSupport
0x000000018b883000 	/usr/lib/libenergytrace.dylib
0x00000001a8d44000 	/System/Library/PrivateFrameworks/RenderBox.framework/Versions/A/RenderBox
0x00000001894a2000 	/System/Library/Frameworks/IOKit.framework/Versions/A/IOKit
0x000000019d0c9000 	/System/Library/Frameworks/CoreServices.framework/Versions/A/CoreServices
0x000000018f630000 	/System/Library/PrivateFrameworks/PerformanceAnalysis.framework/Versions/A/PerformanceAnalysis
0x00000002292cc000 	/System/Library/Frameworks/OpenGL.framework/Versions/A/OpenGL
0x000000018f6ed000 	/usr/lib/libxml2.2.dylib
0x0000000193d7c000 	/System/Library/PrivateFrameworks/MobileKeyBag.framework/Versions/A/MobileKeyBag
0x0000000184d0c000 	/usr/lib/libobjc.A.dylib
0x0000000185072000 	/usr/lib/libc++.1.dylib
0x000000019d046000 	/System/Library/Frameworks/Accessibility.framework/Versions/A/Accessibility
0x000000018c644000 	/System/Library/Frameworks/ColorSync.framework/Versions/A/ColorSync
0x00000001851a3000 	/System/Library/Frameworks/CoreFoundation.framework/Versions/A/CoreFoundation
0x0000000192328000 	/System/Library/Frameworks/CoreImage.framework/Versions/A/CoreImage
0x0000000188046000 	/System/Library/Frameworks/CoreText.framework/Versions/A/CoreText
0x000000022abd6000 	/System/Library/Frameworks/CoreTransferable.framework/Versions/A/CoreTransferable
0x000000022b112000 	/System/Library/Frameworks/DataDetection.framework/Versions/A/DataDetection
0x000000022b127000 	/System/Library/Frameworks/DeveloperToolsSupport.framework/Versions/A/DeveloperToolsSupport
0x0000000191fd9000 	/System/Library/Frameworks/ImageIO.framework/Versions/A/ImageIO
0x0000000234858000 	/System/Library/Frameworks/Symbols.framework/Versions/A/Symbols
0x00000001baa7d000 	/System/Library/PrivateFrameworks/AttributeGraph.framework/Versions/A/AttributeGraph
0x000000019f157000 	/System/Library/PrivateFrameworks/BoardServices.framework/Versions/A/BoardServices
0x00000001df239000 	/System/Library/PrivateFrameworks/FeatureFlags.framework/Versions/A/FeatureFlags
0x00000002500c9000 	/System/Library/PrivateFrameworks/Gestures.framework/Versions/A/Gestures
0x0000000194c09000 	/System/Library/PrivateFrameworks/SoftLinking.framework/Versions/A/SoftLinking
0x00000001c931e000 	/usr/lib/swift/libswiftAccelerate.dylib
0x00000001bf798000 	/usr/lib/swift/libswiftCompression.dylib
0x0000000198564000 	/usr/lib/swift/libswiftCore.dylib
0x00000001b1b2e000 	/usr/lib/swift/libswiftCoreFoundation.dylib
0x00000001b1b87000 	/usr/lib/swift/libswiftCoreImage.dylib
0x000000019edf3000 	/usr/lib/swift/libswiftDispatch.dylib
0x00000001b1b88000 	/usr/lib/swift/libswiftIOKit.dylib
0x00000001bf78b000 	/usr/lib/swift/libswiftMetal.dylib
0x00000001ceb0d000 	/usr/lib/swift/libswiftOSLog.dylib
0x00000001a1cb9000 	/usr/lib/swift/libswiftObjectiveC.dylib
0x00000002842cb000 	/usr/lib/swift/libswiftObservation.dylib
0x00000001c4aa4000 	/usr/lib/swift/libswiftQuartzCore.dylib
0x000000028440a000 	/usr/lib/swift/libswiftSynchronization.dylib
0x00000001c930f000 	/usr/lib/swift/libswiftUniformTypeIdentifiers.dylib
0x00000001b1b40000 	/usr/lib/swift/libswiftXPC.dylib
0x0000000284444000 	/usr/lib/swift/libswift_Builtin_float.dylib
0x0000000284447000 	/usr/lib/swift/libswift_Concurrency.dylib
0x00000001a1cbd000 	/usr/lib/swift/libswiftos.dylib
0x00000001b55e8000 	/usr/lib/swift/libswiftsimd.dylib
0x0000000194e30000 	/usr/lib/libcompression.dylib
0x00000001975c5000 	/System/Library/PrivateFrameworks/TextureIO.framework/Versions/A/TextureIO
0x000000018c7f0000 	/System/Library/Frameworks/ApplicationServices.framework/Versions/A/Frameworks/HIServices.framework/Versions/A/HIServices
0x000000019631d000 	/usr/lib/libate.dylib
0x0000000194bfe000 	/usr/lib/system/libcache.dylib
0x0000000194bb9000 	/usr/lib/system/libcommonCrypto.dylib
0x0000000194be4000 	/usr/lib/system/libcompiler_rt.dylib
0x0000000194bd9000 	/usr/lib/system/libcopyfile.dylib
0x0000000184eac000 	/usr/lib/system/libcorecrypto.dylib
0x0000000184fa5000 	/usr/lib/system/libdispatch.dylib
0x0000000184d60000 	/usr/lib/system/libdyld.dylib
0x0000000194bf4000 	/usr/lib/system/libkeymgr.dylib
0x0000000194b9c000 	/usr/lib/system/libmacho.dylib
0x0000000193e73000 	/usr/lib/system/libquarantine.dylib
0x0000000194bf1000 	/usr/lib/system/libremovefile.dylib
0x000000018b906000 	/usr/lib/system/libsystem_asl.dylib
0x0000000184e31000 	/usr/lib/system/libsystem_blocks.dylib
0x0000000184fef000 	/usr/lib/system/libsystem_c.dylib
0x0000000194be8000 	/usr/lib/system/libsystem_collections.dylib
0x00000001928d5000 	/usr/lib/system/libsystem_configuration.dylib
0x000000019147f000 	/usr/lib/system/libsystem_containermanager.dylib
0x0000000194603000 	/usr/lib/system/libsystem_coreservices.dylib
0x000000018911c000 	/usr/lib/system/libsystem_darwin.dylib
0x000000028479a000 	/usr/lib/system/libsystem_darwindirectory.dylib
0x0000000194bf5000 	/usr/lib/system/libsystem_dnssd.dylib
0x000000028479e000 	/usr/lib/system/libsystem_eligibility.dylib
0x0000000184fec000 	/usr/lib/system/libsystem_featureflags.dylib
0x0000000185173000 	/usr/lib/system/libsystem_info.dylib
0x0000000194b5d000 	/usr/lib/system/libsystem_m.dylib
0x0000000184f59000 	/usr/lib/system/libsystem_malloc.dylib
0x000000018b868000 	/usr/lib/system/libsystem_networkextension.dylib
0x000000018958d000 	/usr/lib/system/libsystem_notify.dylib
0x00000001928da000 	/usr/lib/system/libsystem_sandbox.dylib
0x00000002847a8000 	/usr/lib/system/libsystem_sanitizers.dylib
0x0000000194bed000 	/usr/lib/system/libsystem_secinit.dylib
0x0000000185120000 	/usr/lib/system/libsystem_kernel.dylib
0x000000018516a000 	/usr/lib/system/libsystem_platform.dylib
0x000000018515d000 	/usr/lib/system/libsystem_pthread.dylib
0x000000018d4c2000 	/usr/lib/system/libsystem_symptoms.dylib
0x0000000184e8b000 	/usr/lib/system/libsystem_trace.dylib
0x00000002847b0000 	/usr/lib/system/libsystem_trial.dylib
0x0000000194bc7000 	/usr/lib/system/libunwind.dylib
0x0000000184e35000 	/usr/lib/system/libxpc.dylib
0x0000000185105000 	/usr/lib/libc++abi.dylib
0x0000000283fdb000 	/usr/lib/libswiftPrespecialized.dylib
0x0000000194c06000 	/usr/lib/libfakelink.dylib
0x000000018b4ac000 	/System/Library/Frameworks/CFNetwork.framework/Versions/A/CFNetwork
0x0000000194c5a000 	/usr/lib/libarchive.2.dylib
0x000000019add4000 	/System/Library/Frameworks/Combine.framework/Versions/A/Combine
0x000000023e9aa000 	/System/Library/PrivateFrameworks/CollectionsInternal.framework/Versions/A/CollectionsInternal
0x0000000265aef000 	/System/Library/PrivateFrameworks/ReflectionInternal.framework/Versions/A/ReflectionInternal
0x000000026697b000 	/System/Library/PrivateFrameworks/RuntimeInternal.framework/Versions/A/RuntimeInternal
0x00000001ae9d8000 	/usr/lib/swift/libswiftDarwin.dylib
0x0000000284412000 	/usr/lib/swift/libswiftSystem.dylib
0x00000002844d1000 	/usr/lib/swift/libswift_DarwinFoundation1.dylib
0x00000002845b2000 	/usr/lib/swift/libswift_StringProcessing.dylib
0x0000000189421000 	/System/Library/PrivateFrameworks/CoreServicesInternal.framework/Versions/A/CoreServicesInternal
0x0000000194bd1000 	/usr/lib/liboah.dylib
0x00000001a1106000 	/System/Library/PrivateFrameworks/DiskImages.framework/Versions/A/DiskImages
0x00000001ae49a000 	/System/Library/Frameworks/NetFS.framework/Versions/A/NetFS
0x000000018f667000 	/System/Library/Frameworks/CoreServices.framework/Versions/A/Frameworks/FSEvents.framework/Versions/A/FSEvents
0x0000000189127000 	/System/Library/Frameworks/CoreServices.framework/Versions/A/Frameworks/CarbonCore.framework/Versions/A/CarbonCore
0x000000018ea39000 	/System/Library/Frameworks/CoreServices.framework/Versions/A/Frameworks/Metadata.framework/Versions/A/Metadata
0x000000019460b000 	/System/Library/Frameworks/CoreServices.framework/Versions/A/Frameworks/OSServices.framework/Versions/A/OSServices
0x0000000194d52000 	/System/Library/Frameworks/CoreServices.framework/Versions/A/Frameworks/SearchKit.framework/Versions/A/SearchKit
0x000000018d43b000 	/System/Library/Frameworks/CoreServices.framework/Versions/A/Frameworks/AE.framework/Versions/A/AE
0x00000001856ed000 	/System/Library/Frameworks/CoreServices.framework/Versions/A/Frameworks/LaunchServices.framework/Versions/A/LaunchServices
0x0000000196173000 	/System/Library/Frameworks/CoreServices.framework/Versions/A/Frameworks/DictionaryServices.framework/Versions/A/DictionaryServices
0x000000018f675000 	/System/Library/Frameworks/CoreServices.framework/Versions/A/Frameworks/SharedFileList.framework/Versions/A/SharedFileList
0x0000000194de7000 	/usr/lib/libapple_nghttp2.dylib
0x000000018d055000 	/usr/lib/libsqlite3.dylib
0x00000001a134e000 	/System/Library/PrivateFrameworks/AppSupport.framework/Versions/A/AppSupport
0x0000000199296000 	/System/Library/Frameworks/GSS.framework/Versions/A/GSS
0x000000018d3cf000 	/System/Library/PrivateFrameworks/RunningBoardServices.framework/Versions/A/RunningBoardServices
0x00000001a1c47000 	/System/Library/PrivateFrameworks/StreamingZip.framework/Versions/A/StreamingZip
0x000000018d4cb000 	/System/Library/Frameworks/Network.framework/Versions/A/Network
0x0000000194ba0000 	/usr/lib/system/libkxld.dylib
0x000000023a249000 	/System/Library/PrivateFrameworks/AppleKeyStore.framework/Versions/A/AppleKeyStore
0x0000000282d70000 	/usr/lib/libCoreEntitlements.dylib
0x000000025b9f8000 	/System/Library/PrivateFrameworks/MessageSecurity.framework/Versions/A/MessageSecurity
0x000000018d039000 	/System/Library/PrivateFrameworks/ProtocolBuffer.framework/Versions/A/ProtocolBuffer
0x000000019e1f4000 	/System/Library/PrivateFrameworks/SymptomDiagnosticReporter.framework/Versions/A/SymptomDiagnosticReporter
0x00000001963b7000 	/System/Library/PrivateFrameworks/CrashReporterSupport.framework/Versions/A/CrashReporterSupport
0x00000001945ea000 	/System/Library/PrivateFrameworks/AppleFSCompression.framework/Versions/A/AppleFSCompression
0x0000000193e83000 	/usr/lib/libcoretls.dylib
0x00000001961ea000 	/usr/lib/libcoretls_cfhelpers.dylib
0x0000000194e29000 	/usr/lib/libpam.2.dylib
0x000000019625c000 	/usr/lib/libxar.1.dylib
0x00000001961ec000 	/System/Library/PrivateFrameworks/APFS.framework/Versions/A/APFS
0x0000000271401000 	/System/Library/PrivateFrameworks/SwiftASN1Internal.framework/Versions/A/SwiftASN1Internal
0x000000019626b000 	/usr/lib/libutil.dylib
0x00000001928e3000 	/System/Library/PrivateFrameworks/AppleSystemInfo.framework/Versions/A/AppleSystemInfo
0x0000000193b6b000 	/System/Library/PrivateFrameworks/IOMobileFramebuffer.framework/Versions/A/IOMobileFramebuffer
0x00000001b19f4000 	/System/Library/PrivateFrameworks/LoggingSupport.framework/Versions/A/LoggingSupport
0x00000001992f9000 	/System/Library/PrivateFrameworks/MobileAsset.framework/Versions/A/MobileAsset
0x000000019e204000 	/System/Library/PrivateFrameworks/PowerLog.framework/Versions/A/PowerLog
0x0000000233774000 	/System/Library/Frameworks/SwiftData.framework/Versions/A/SwiftData
0x000000018f89a000 	/System/Library/PrivateFrameworks/UserManagement.framework/Versions/A/UserManagement
0x000000018b3d7000 	/usr/lib/libboringssl.dylib
0x000000018d4b0000 	/usr/lib/libdns_services.dylib
0x00000001b0a2e000 	/usr/lib/libquic.dylib
0x00000001984f4000 	/usr/lib/libusrtcp.dylib
0x000000023b03b000 	/System/Library/PrivateFrameworks/AtomicsInternal.framework/Versions/A/AtomicsInternal
0x00000001d7399000 	/System/Library/PrivateFrameworks/InternalSwiftProtobuf.framework/Versions/A/InternalSwiftProtobuf
0x00000002842a2000 	/usr/lib/swift/libswiftDistributed.dylib
0x00000001928e1000 	/System/Library/PrivateFrameworks/AggregateDictionary.framework/Versions/A/AggregateDictionary
0x000000023b7ce000 	/System/Library/PrivateFrameworks/BiomeLibrary.framework/Versions/A/BiomeLibrary
0x00000001c07ab000 	/System/Library/PrivateFrameworks/BiomeStreams.framework/Versions/A/BiomeStreams
0x00000001bc976000 	/System/Library/PrivateFrameworks/BiomeFoundation.framework/Versions/A/BiomeFoundation
0x00000001c6869000 	/System/Library/PrivateFrameworks/BiomePubSub.framework/Versions/A/BiomePubSub
0x00000001a2c71000 	/System/Library/PrivateFrameworks/ProactiveSupport.framework/Versions/A/ProactiveSupport
0x00000001961cb000 	/usr/lib/liblzma.5.dylib
0x00000001a1669000 	/System/Library/PrivateFrameworks/InternationalTextSearch.framework/Versions/A/InternationalTextSearch
0x00000001b8e7a000 	/System/Library/PrivateFrameworks/SoftwareUpdateCoreSupport.framework/Versions/A/SoftwareUpdateCoreSupport
0x00000001c122f000 	/System/Library/PrivateFrameworks/SoftwareUpdateCoreConnect.framework/Versions/A/SoftwareUpdateCoreConnect
0x00000001a1204000 	/System/Library/PrivateFrameworks/RemoteServiceDiscovery.framework/Versions/A/RemoteServiceDiscovery
0x00000001b8a71000 	/System/Library/PrivateFrameworks/MSUDataAccessor.framework/Versions/A/MSUDataAccessor
0x00000001b3b50000 	/usr/lib/libbootpolicy.dylib
0x00000001a121b000 	/System/Library/PrivateFrameworks/RemoteXPC.framework/Versions/A/RemoteXPC
0x00000001c0677000 	/usr/lib/libFDR.dylib
0x00000001c648a000 	/usr/lib/libamsupport.dylib
0x0000000283085000 	/usr/lib/libReverseProxyDevice.dylib
0x0000000239b72000 	/System/Library/PrivateFrameworks/AppleDeviceQuerySupport.framework/Versions/A/AppleDeviceQuerySupport
0x00000001c951e000 	/usr/lib/libpartition2_dynamic.dylib
0x0000000194dc3000 	/System/Library/PrivateFrameworks/AppleSauce.framework/Versions/A/AppleSauce
0x0000000282c11000 	/usr/lib/libAppleArchive.dylib
0x00000001945f6000 	/usr/lib/libbz2.1.0.dylib
0x000000018eacf000 	/System/Library/Frameworks/Accelerate.framework/Versions/A/Frameworks/vImage.framework/Versions/A/vImage
0x000000019d0a3000 	/System/Library/Frameworks/Accelerate.framework/Versions/A/Frameworks/vecLib.framework/Versions/A/vecLib
0x00000001962a2000 	/System/Library/Frameworks/Accelerate.framework/Versions/A/Frameworks/vecLib.framework/Versions/A/libvMisc.dylib
0x0000000185bed000 	/System/Library/Frameworks/Accelerate.framework/Versions/A/Frameworks/vecLib.framework/Versions/A/libBLAS.dylib
0x000000018f7d4000 	/System/Library/Frameworks/CoreVideo.framework/Versions/A/CoreVideo
0x0000000198e9d000 	/System/Library/Frameworks/ApplicationServices.framework/Versions/A/Frameworks/ATS.framework/Versions/A/ATS
0x000000019754e000 	/System/Library/Frameworks/ApplicationServices.framework/Versions/A/Frameworks/PrintCore.framework/Versions/A/PrintCore
0x000000019925f000 	/System/Library/Frameworks/ApplicationServices.framework/Versions/A/Frameworks/QD.framework/Versions/A/QD
0x000000019925a000 	/System/Library/Frameworks/ApplicationServices.framework/Versions/A/Frameworks/ColorSyncLegacy.framework/Versions/A/ColorSyncLegacy
0x0000000198e6f000 	/System/Library/Frameworks/ApplicationServices.framework/Versions/A/Frameworks/SpeechSynthesis.framework/Versions/A/SpeechSynthesis
0x00000001919aa000 	/System/Library/PrivateFrameworks/FontServices.framework/libFontParser.dylib
0x00000001a0f2a000 	/System/Library/PrivateFrameworks/BackBoardServices.framework/Versions/A/BackBoardServices
0x000000023b6e7000 	/System/Library/PrivateFrameworks/BackBoardHIDEventFoundation.framework/Versions/A/BackBoardHIDEventFoundation
0x0000000187b57000 	/System/Library/Frameworks/CoreDisplay.framework/Versions/A/CoreDisplay
0x0000000196e85000 	/System/Library/Frameworks/VideoToolbox.framework/Versions/A/VideoToolbox
0x0000000194e27000 	/System/Library/Frameworks/MetalPerformanceShaders.framework/Versions/A/MetalPerformanceShaders
0x0000000264b92000 	/System/Library/PrivateFrameworks/ProDisplayLibrary.framework/Versions/A/ProDisplayLibrary
0x00000001a4d08000 	/System/Library/PrivateFrameworks/IOSurfaceAccelerator.framework/Versions/A/IOSurfaceAccelerator
0x00000001914d5000 	/System/Library/PrivateFrameworks/IOAccelerator.framework/Versions/A/IOAccelerator
0x00000001917ed000 	/System/Library/Frameworks/CoreMedia.framework/Versions/A/CoreMedia
0x000000018b91e000 	/System/Library/PrivateFrameworks/TCC.framework/Versions/A/TCC
0x0000000196e3d000 	/System/Library/PrivateFrameworks/WatchdogClient.framework/Versions/A/WatchdogClient
0x00000001c68c7000 	/System/Library/PrivateFrameworks/BiomeStorage.framework/Versions/A/BiomeStorage
0x0000000256058000 	/System/Library/PrivateFrameworks/IntelligencePlatformLibrary.framework/Versions/A/IntelligencePlatformLibrary
0x0000000263e91000 	/System/Library/PrivateFrameworks/PoirotSchematizer.framework/Versions/A/PoirotSchematizer
0x000000023c016000 	/System/Library/PrivateFrameworks/BiomeSync.framework/Versions/A/BiomeSync
0x000000023b7b4000 	/System/Library/PrivateFrameworks/BiomeDSL.framework/Versions/A/BiomeDSL
0x0000000263efb000 	/System/Library/PrivateFrameworks/PoirotUDFs.framework/Versions/A/PoirotUDFs
0x0000000263e60000 	/System/Library/PrivateFrameworks/PoirotSQLite.framework/Versions/A/PoirotSQLite
0x000000019f674000 	/System/Library/PrivateFrameworks/CoreTime.framework/Versions/A/CoreTime
0x0000000194c3f000 	/usr/lib/libiconv.2.dylib
0x0000000194b9b000 	/usr/lib/libcharset.1.dylib
0x0000000284512000 	/usr/lib/swift/libswift_RegexParser.dylib
0x000000023d624000 	/System/Library/PrivateFrameworks/CascadeSets.framework/Versions/A/CascadeSets
0x0000000199469000 	/System/Library/PrivateFrameworks/CorePhoneNumbers.framework/Versions/A/CorePhoneNumbers
0x0000000196c25000 	/System/Library/PrivateFrameworks/AppleJPEG.framework/Versions/A/AppleJPEG
0x000000019660f000 	/usr/lib/libexpat.1.dylib
0x0000000197421000 	/System/Library/Frameworks/ImageIO.framework/Versions/A/Resources/libPng.dylib
0x000000019744d000 	/System/Library/Frameworks/ImageIO.framework/Versions/A/Resources/libTIFF.dylib
0x0000000197537000 	/System/Library/Frameworks/ImageIO.framework/Versions/A/Resources/libGIF.dylib
0x0000000196c6a000 	/System/Library/Frameworks/ImageIO.framework/Versions/A/Resources/libJP2.dylib
0x00000001974dd000 	/System/Library/Frameworks/ImageIO.framework/Versions/A/Resources/libJPEG.dylib
0x00000001974d4000 	/System/Library/Frameworks/ImageIO.framework/Versions/A/Resources/libRadiance.dylib
0x000000024c837000 	/System/Library/PrivateFrameworks/GPUCompiler.framework/Versions/32023/Libraries/libllvm-flatbuffers.dylib
0x0000000247143000 	/System/Library/PrivateFrameworks/FramePacing.framework/Versions/A/FramePacing
0x00000002292be000 	/System/Library/Frameworks/OpenGL.framework/Versions/A/Libraries/libCoreFSCache.dylib
0x0000000248284000 	/System/Library/PrivateFrameworks/GPUCompiler.framework/Versions/32023/Libraries/libGPUCompilerUtils.dylib
0x000000019f224000 	/System/Library/PrivateFrameworks/GraphicsServices.framework/Versions/A/GraphicsServices
0x00000001a2dfd000 	/System/Library/PrivateFrameworks/ASEProcessing.framework/Versions/A/ASEProcessing
0x00000001d2b68000 	/System/Library/PrivateFrameworks/Symbolication.framework/Versions/A/Symbolication
0x0000000263a7d000 	/System/Library/PrivateFrameworks/PhotosensitivityProcessing.framework/Versions/A/PhotosensitivityProcessing
0x0000000196841000 	/System/Library/PrivateFrameworks/GraphVisualizer.framework/Versions/A/GraphVisualizer
0x000000022931d000 	/System/Library/Frameworks/OpenGL.framework/Versions/A/Libraries/libGLU.dylib
0x00000002292e0000 	/System/Library/Frameworks/OpenGL.framework/Versions/A/Libraries/libGFXShared.dylib
0x00000002294ac000 	/System/Library/Frameworks/OpenGL.framework/Versions/A/Libraries/libGL.dylib
0x00000002292e9000 	/System/Library/Frameworks/OpenGL.framework/Versions/A/Libraries/libGLImage.dylib
0x00000002292dd000 	/System/Library/Frameworks/OpenGL.framework/Versions/A/Libraries/libCVMSPluginSupport.dylib
0x00000002292c6000 	/System/Library/Frameworks/OpenGL.framework/Versions/A/Libraries/libCoreVMClient.dylib
0x000000024704e000 	/System/Library/PrivateFrameworks/FontServices.framework/Versions/A/FontServices
0x0000000196851000 	/System/Library/PrivateFrameworks/OTSVG.framework/Versions/A/OTSVG
0x000000018f31b000 	/System/Library/Frameworks/ApplicationServices.framework/Versions/A/Frameworks/ATS.framework/Versions/A/Resources/libFontRegistry.dylib
0x0000000283595000 	/usr/lib/libhvf.dylib
0x00000002608b5000 	/System/Library/PrivateFrameworks/ParsingInternal.framework/Versions/A/ParsingInternal
0x0000000247052000 	/System/Library/PrivateFrameworks/FontServices.framework/libXTFontStaticRegistryData.dylib
0x0000000192820000 	/System/Library/Frameworks/MetalPerformanceShaders.framework/Versions/A/Frameworks/MPSCore.framework/Versions/A/MPSCore
0x0000000194555000 	/System/Library/Frameworks/MetalPerformanceShaders.framework/Versions/A/Frameworks/MPSImage.framework/Versions/A/MPSImage
0x0000000193f26000 	/System/Library/Frameworks/MetalPerformanceShaders.framework/Versions/A/Frameworks/MPSNeuralNetwork.framework/Versions/A/MPSNeuralNetwork
0x000000019435e000 	/System/Library/Frameworks/MetalPerformanceShaders.framework/Versions/A/Frameworks/MPSMatrix.framework/Versions/A/MPSMatrix
0x0000000194173000 	/System/Library/Frameworks/MetalPerformanceShaders.framework/Versions/A/Frameworks/MPSRayIntersector.framework/Versions/A/MPSRayIntersector
0x0000000194390000 	/System/Library/Frameworks/MetalPerformanceShaders.framework/Versions/A/Frameworks/MPSNDArray.framework/Versions/A/MPSNDArray
0x000000022d455000 	/System/Library/Frameworks/MetalPerformanceShaders.framework/Versions/A/Frameworks/MPSFunctions.framework/Versions/A/MPSFunctions
0x000000022d436000 	/System/Library/Frameworks/MetalPerformanceShaders.framework/Versions/A/Frameworks/MPSBenchmarkLoop.framework/Versions/A/MPSBenchmarkLoop
0x000000022d46a000 	/System/Library/Frameworks/MetalPerformanceShaders.framework/Versions/A/Frameworks/MPSHost.framework/Versions/A/MPSHost
0x0000000185a09000 	/System/Library/PrivateFrameworks/MetalTools.framework/Versions/A/MetalTools
0x00000001b6c94000 	/System/Library/PrivateFrameworks/IOAccelMemoryInfo.framework/Versions/A/IOAccelMemoryInfo
0x00000001c4e9a000 	/System/Library/PrivateFrameworks/kperf.framework/Versions/A/kperf
0x00000001b1b0a000 	/System/Library/PrivateFrameworks/GPURawCounter.framework/Versions/A/GPURawCounter
0x000000019f55d000 	/System/Library/PrivateFrameworks/CoreSymbolication.framework/Versions/A/CoreSymbolication
0x00000001b1a81000 	/System/Library/PrivateFrameworks/MallocStackLogging.framework/Versions/A/MallocStackLogging
0x000000019f53a000 	/System/Library/PrivateFrameworks/DebugSymbols.framework/Versions/A/DebugSymbols
0x00000001c3700000 	/System/Library/PrivateFrameworks/OSAnalytics.framework/Versions/A/OSAnalytics
0x0000000244f3b000 	/System/Library/PrivateFrameworks/DeviceRecovery.framework/Versions/A/DeviceRecovery
0x000000022b26c000 	/System/Library/Frameworks/ExtensionFoundation.framework/Versions/A/ExtensionFoundation
0x0000000196892000 	/System/Library/PrivateFrameworks/AppServerSupport.framework/Versions/A/AppServerSupport
0x000000022c5d4000 	/System/Library/Frameworks/LightweightCodeRequirements.framework/Versions/A/LightweightCodeRequirements
0x000000019650e000 	/System/Library/PrivateFrameworks/PlugInKit.framework/Versions/A/PlugInKit
0x0000000193d94000 	/System/Library/PrivateFrameworks/AssertionServices.framework/Versions/A/AssertionServices
0x0000000196634000 	/System/Library/PrivateFrameworks/IconFoundation.framework/Versions/A/IconFoundation
0x0000000252f5a000 	/System/Library/PrivateFrameworks/IconRendering.framework/Versions/A/IconRendering
0x0000000266b2c000 	/System/Library/PrivateFrameworks/SFSymbols.framework/Versions/A/SFSymbols
0x0000000187c7b000 	/System/Library/PrivateFrameworks/AudioToolboxCore.framework/Versions/A/AudioToolboxCore
0x0000000198dd7000 	/System/Library/PrivateFrameworks/AudioSession.framework/Versions/A/AudioSession
0x00000001a4049000 	/System/Library/Frameworks/CoreMIDI.framework/Versions/A/CoreMIDI
0x0000000198e56000 	/usr/lib/libAudioStatistics.dylib
0x00000001917c4000 	/System/Library/PrivateFrameworks/caulk.framework/Versions/A/caulk
0x00000001973fb000 	/usr/lib/libAudioToolboxUtility.dylib
0x00000001b1b0e000 	/usr/lib/swift/libswiftCoreAudio.dylib
0x00000001b82ba000 	/usr/lib/swift/libswiftCoreMIDI.dylib
0x0000000199268000 	/System/Library/PrivateFrameworks/perfdata.framework/Versions/A/perfdata
0x00000001b0b2b000 	/System/Library/PrivateFrameworks/SystemPolicy.framework/Versions/A/SystemPolicy
0x000000019910d000 	/usr/lib/libSMC.dylib
0x0000000199276000 	/usr/lib/libperfcheck.dylib
0x000000023b0fb000 	/System/Library/PrivateFrameworks/AudioAnalytics.framework/Versions/A/AudioAnalytics
0x00000002844d5000 	/usr/lib/swift/libswift_DarwinFoundation2.dylib
0x00000002844d6000 	/usr/lib/swift/libswift_DarwinFoundation3.dylib
0x00000001d7096000 	/System/Library/Frameworks/OSLog.framework/Versions/A/OSLog
0x00000001b1ab3000 	/usr/lib/libmis.dylib
0x0000000196752000 	/System/Library/PrivateFrameworks/MediaExperience.framework/Versions/A/MediaExperience
0x0000000198ba5000 	/System/Library/PrivateFrameworks/AudioSession.framework/libSessionUtility.dylib
0x000000019753d000 	/System/Library/PrivateFrameworks/CMCaptureCore.framework/Versions/A/CMCaptureCore
0x000000019e0ee000 	/System/Library/Frameworks/CoreBluetooth.framework/Versions/A/CoreBluetooth
0x0000000193c00000 	/System/Library/PrivateFrameworks/CoreUtils.framework/Versions/A/CoreUtils
0x00000001a9a6b000 	/System/Library/PrivateFrameworks/HID.framework/Versions/A/HID
0x0000000244338000 	/System/Library/PrivateFrameworks/CoreUtilsExtras.framework/Versions/A/CoreUtilsExtras
0x0000000252eaf000 	/System/Library/PrivateFrameworks/IO80211.framework/Versions/A/IO80211
0x000000019ab27000 	/System/Library/Frameworks/IOBluetooth.framework/Versions/A/IOBluetooth
0x000000023ace9000 	/System/Library/PrivateFrameworks/ArgumentParserInternal.framework/Versions/A/ArgumentParserInternal
0x00000001963ae000 	/usr/lib/libIOReport.dylib
0x0000000193da3000 	/System/Library/Frameworks/SecurityFoundation.framework/Versions/A/SecurityFoundation
0x00000001863cc000 	/System/Library/PrivateFrameworks/Lexicon.framework/Versions/A/Lexicon
0x0000000193f0e000 	/usr/lib/libgermantok.dylib
0x0000000192a0c000 	/System/Library/PrivateFrameworks/LinguisticData.framework/Versions/A/LinguisticData
0x000000019e2f6000 	/System/Library/PrivateFrameworks/MediaKit.framework/Versions/A/MediaKit
0x000000019e241000 	/System/Library/Frameworks/DiscRecording.framework/Versions/A/DiscRecording
0x000000019662a000 	/usr/lib/libheimdal-asn1.dylib
0x00000001a1c1d000 	/System/Library/Frameworks/AudioUnit.framework/Versions/A/AudioUnit
0x000000018f63a000 	/System/Library/Frameworks/OpenDirectory.framework/Versions/A/OpenDirectory
0x000000018f648000 	/System/Library/Frameworks/OpenDirectory.framework/Versions/A/Frameworks/CFOpenDirectory.framework/Versions/A/CFOpenDirectory
0x0000000229830000 	/System/Library/Frameworks/AVFAudio.framework/Versions/A/AVFAudio
0x00000001aaa3c000 	/usr/lib/libAccessibility.dylib
0x0000000256bff000 	/System/Library/PrivateFrameworks/IsolatedCoreAudioClient.framework/Versions/A/IsolatedCoreAudioClient
0x00000001cd366000 	/usr/lib/swift/libswiftCoreMedia.dylib
0x00000002749dc000 	/System/Library/PrivateFrameworks/Tightbeam.framework/Versions/A/Tightbeam
0x0000000240238000 	/System/Library/PrivateFrameworks/CoreAudioOrchestration.framework/Versions/A/CoreAudioOrchestration
0x00000001c9a71000 	/System/Library/PrivateFrameworks/AFKUser.framework/Versions/A/AFKUser
0x000000019d390000 	/System/Library/Frameworks/MediaAccessibility.framework/Versions/A/MediaAccessibility
0x0000000278bf7000 	/System/Library/PrivateFrameworks/VideoToolboxParavirtualizationSupport.framework/Versions/A/VideoToolboxParavirtualizationSupport
0x00000001965c6000 	/System/Library/PrivateFrameworks/AppleVA.framework/Versions/A/AppleVA
0x00000001974cf000 	/System/Library/PrivateFrameworks/GPUWrangler.framework/Versions/A/GPUWrangler
0x00000001974af000 	/System/Library/PrivateFrameworks/IOPresentment.framework/Versions/A/IOPresentment
0x00000001974d7000 	/System/Library/PrivateFrameworks/DSExternalDisplay.framework/Versions/A/DSExternalDisplay
0x000000023ab40000 	/System/Library/PrivateFrameworks/AppleMobileFileIntegrity.framework/Versions/A/AppleMobileFileIntegrity
0x0000000283112000 	/usr/lib/libTLE.dylib
0x00000001e839c000 	/System/Library/PrivateFrameworks/ConfigProfileHelper.framework/Versions/A/ConfigProfileHelper
0x00000001dd1a9000 	/usr/lib/libedit.3.dylib
0x000000025817f000 	/System/Library/PrivateFrameworks/MIL.framework/Versions/A/MIL
0x00000001b6c57000 	/usr/lib/libncurses.5.4.dylib
0x0000000193b35000 	/System/Library/PrivateFrameworks/CoreEmoji.framework/Versions/A/CoreEmoji
0x00000001866e8000 	/usr/lib/libCRFSuite.dylib
0x00000001928ea000 	/System/Library/PrivateFrameworks/CoreNLP.framework/Versions/A/CoreNLP
0x0000000193ead000 	/usr/lib/libmecab.dylib
0x0000000194dba000 	/usr/lib/libThaiTokenizer.dylib
0x00000001d7561000 	/System/Library/PrivateFrameworks/HIDDisplay.framework/Versions/A/HIDDisplay
0x0000000197509000 	/System/Library/Frameworks/ApplicationServices.framework/Versions/A/Frameworks/ATSUI.framework/Versions/A/ATSUI
0x00000001991ee000 	/usr/lib/libcups.2.dylib
0x0000000199284000 	/System/Library/Frameworks/Kerberos.framework/Versions/A/Kerberos
0x0000000198ee5000 	/usr/lib/libresolv.9.dylib
0x00000001968a6000 	/System/Library/PrivateFrameworks/Heimdal.framework/Versions/A/Heimdal
0x00000001a1c1c000 	/System/Library/Frameworks/Kerberos.framework/Versions/A/Libraries/libHeimdalProxy.dylib
0x00000001992e8000 	/System/Library/PrivateFrameworks/CommonAuth.framework/Versions/A/CommonAuth
0x00000001aa937000 	/System/Library/PrivateFrameworks/AXCoreUtilities.framework/Versions/A/AXCoreUtilities
0x0000000282b2b000 	/usr/lib/libAXSafeCategoryBundle.dylib
0x00000001939fb000 	/System/Library/Frameworks/Accelerate.framework/Versions/A/Frameworks/vecLib.framework/Versions/A/libvDSP.dylib
0x0000000194f07000 	/System/Library/Frameworks/Accelerate.framework/Versions/A/Frameworks/vecLib.framework/Versions/A/libLAPACK.dylib
0x0000000193f11000 	/System/Library/Frameworks/Accelerate.framework/Versions/A/Frameworks/vecLib.framework/Versions/A/libLinearAlgebra.dylib
0x0000000194e00000 	/System/Library/Frameworks/Accelerate.framework/Versions/A/Frameworks/vecLib.framework/Versions/A/libSparseBLAS.dylib
0x0000000194f02000 	/System/Library/Frameworks/Accelerate.framework/Versions/A/Frameworks/vecLib.framework/Versions/A/libQuadrature.dylib
0x0000000192a13000 	/System/Library/Frameworks/Accelerate.framework/Versions/A/Frameworks/vecLib.framework/Versions/A/libBNNS.dylib
0x00000001864e1000 	/System/Library/Frameworks/Accelerate.framework/Versions/A/Frameworks/vecLib.framework/Versions/A/libSparse.dylib
0x000000019924d000 	/System/Library/PrivateFrameworks/NetAuth.framework/Versions/A/NetAuth
0x000000018f859000 	/System/Library/PrivateFrameworks/login.framework/Versions/A/Frameworks/loginsupport.framework/Versions/A/loginsupport
0x0000000193e77000 	/usr/lib/libCheckFix.dylib
0x000000018e9d3000 	/System/Library/PrivateFrameworks/MetadataUtilities.framework/Versions/A/MetadataUtilities
0x0000000253977000 	/System/Library/PrivateFrameworks/InstalledContentLibrary.framework/Versions/A/InstalledContentLibrary
0x0000000189462000 	/System/Library/PrivateFrameworks/CoreServicesStore.framework/Versions/A/CoreServicesStore
0x00000001c4fa1000 	/System/Library/PrivateFrameworks/MobileSystemServices.framework/Versions/A/MobileSystemServices
0x000000019626f000 	/usr/lib/libxslt.1.dylib
0x0000000193e36000 	/System/Library/PrivateFrameworks/BackgroundTaskManagement.framework/Versions/A/BackgroundTaskManagement
0x00000001a12c6000 	/usr/lib/libcurl.4.dylib
0x000000028334b000 	/usr/lib/libcrypto.46.dylib
0x0000000283f68000 	/usr/lib/libssl.48.dylib
0x00000001a0f9c000 	/System/Library/Frameworks/LDAP.framework/Versions/A/LDAP
0x00000001a0fd8000 	/System/Library/PrivateFrameworks/TrustEvaluationAgent.framework/Versions/A/TrustEvaluationAgent
0x0000000198f02000 	/usr/lib/libsasl2.2.dylib
0x00000001ae9d7000 	/usr/lib/swift/libswiftCoreGraphics.dylib
0x000000019da8c000 	/usr/lib/swift/libswiftFoundation.dylib
0x00000001e7d58000 	/usr/lib/swift/libswiftSwiftOnoneSupport.dylib
0x0000000284647000 	/usr/lib/swift/libswiftsys_time.dylib
0x00000001d3325000 	/System/Library/PrivateFrameworks/CoreMaterial.framework/Versions/A/CoreMaterial
0x000000028438d000 	/usr/lib/swift/libswiftSpatial.dylib
0x000000028310f000 	/usr/lib/libSpatial.dylib
0x0000000282a49000 	/System/Library/SubFrameworks/UIUtilities.framework/Versions/A/UIUtilities
0x00000001085ec000 	/Library/Java/JavaVirtualMachines/temurin-21.jdk/Contents/Home/lib/server/libjvm.dylib
0x0000000102a38000 	/Library/Java/JavaVirtualMachines/temurin-21.jdk/Contents/Home/lib/libjimage.dylib
0x0000000102a64000 	/Library/Java/JavaVirtualMachines/temurin-21.jdk/Contents/Home/lib/libinstrument.dylib
0x0000000102aac000 	/Library/Java/JavaVirtualMachines/temurin-21.jdk/Contents/Home/lib/libjava.dylib
0x0000000102df0000 	/Library/Java/JavaVirtualMachines/temurin-21.jdk/Contents/Home/lib/libnio.dylib
0x0000000102b84000 	/Library/Java/JavaVirtualMachines/temurin-21.jdk/Contents/Home/lib/libnet.dylib
0x0000000107e8c000 	/Library/Java/JavaVirtualMachines/temurin-21.jdk/Contents/Home/lib/libzip.dylib
0x0000000102e18000 	/Library/Java/JavaVirtualMachines/temurin-21.jdk/Contents/Home/lib/libextnet.dylib
0x0000000107e64000 	/Users/acayuela/Downloads/javafx-sdk-17.0.18/lib/libprism_es2.dylib
0x00000002294b6000 	/System/Library/Frameworks/OpenGL.framework/Versions/A/Resources/GLEngine.bundle/GLEngine
0x0000000229358000 	/System/Library/Frameworks/OpenGL.framework/Versions/A/Libraries/libGLProgrammability.dylib
0x000000010808c000 	/System/Library/Extensions/AppleMetalOpenGLRenderer.bundle/Contents/MacOS/AppleMetalOpenGLRenderer
0x0000000229617000 	/System/Library/Frameworks/OpenGL.framework/Versions/A/Resources/GLRendererFloat.bundle/GLRendererFloat
0x000000012f638000 	/System/Library/Extensions/AGXMetalG14G.bundle/Contents/MacOS/AGXMetalG14G
0x00000001a9a7e000 	/System/Library/PrivateFrameworks/IOGPU.framework/Versions/A/IOGPU
0x00000001082a0000 	/Users/acayuela/Downloads/javafx-sdk-17.0.18/lib/libglass.dylib
0x0000000229b00000 	/System/Library/Frameworks/AppIntents.framework/Versions/A/AppIntents
0x0000000232feb000 	/System/Library/Frameworks/RelevanceKit.framework/Versions/A/RelevanceKit
0x00000001949ff000 	/System/Library/Frameworks/CoreSpotlight.framework/Versions/A/CoreSpotlight
0x0000000257c92000 	/System/Library/PrivateFrameworks/LinkServices.framework/Versions/A/LinkServices
0x0000000245456000 	/System/Library/PrivateFrameworks/DoNotDisturb.framework/Versions/A/DoNotDisturb
0x0000000257aed000 	/System/Library/PrivateFrameworks/LinkMetadata.framework/Versions/A/LinkMetadata
0x00000001b1b35000 	/usr/lib/swift/libswiftIntents.dylib
0x00000001b6db1000 	/System/Library/PrivateFrameworks/IntentsCore.framework/Versions/A/IntentsCore
0x000000023b5d5000 	/System/Library/PrivateFrameworks/AvailabilityKit.framework/Versions/A/AvailabilityKit
0x0000000238917000 	/System/Library/PrivateFrameworks/AppIntentSchemas.framework/Versions/A/AppIntentSchemas
0x000000024cda5000 	/System/Library/PrivateFrameworks/GRDBInternal.framework/Versions/A/GRDBInternal
0x0000000270bb4000 	/System/Library/PrivateFrameworks/StatusKit.framework/Versions/A/StatusKit
0x000000019e625000 	/System/Library/PrivateFrameworks/GenerationalStorage.framework/Versions/A/GenerationalStorage
0x000000019e44d000 	/System/Library/Frameworks/FileProvider.framework/Versions/A/FileProvider
0x000000018aef9000 	/System/Library/PrivateFrameworks/DesktopServicesPriv.framework/Versions/A/DesktopServicesPriv
0x000000018d23d000 	/System/Library/Frameworks/Accounts.framework/Versions/A/Accounts
0x00000001b15a1000 	/System/Library/PrivateFrameworks/FTServices.framework/Versions/A/FTServices
0x00000001a9a29000 	/System/Library/PrivateFrameworks/CloudServices.framework/Versions/A/CloudServices
0x00000001a0ae6000 	/System/Library/PrivateFrameworks/CoreWiFi.framework/Versions/A/CoreWiFi
0x00000001911ff000 	/System/Library/Frameworks/CoreLocation.framework/Versions/A/CoreLocation
0x00000001a047c000 	/System/Library/Frameworks/Intents.framework/Versions/A/Intents
0x00000002357b3000 	/System/Library/Frameworks/_LocationEssentials.framework/Versions/A/_LocationEssentials
0x00000001949ae000 	/System/Library/Frameworks/UserNotifications.framework/Versions/A/UserNotifications
0x000000019463e000 	/System/Library/PrivateFrameworks/AuthKit.framework/Versions/A/AuthKit
0x000000019a732000 	/System/Library/PrivateFrameworks/Sharing.framework/Versions/A/Sharing
0x000000019a2b1000 	/System/Library/PrivateFrameworks/IDSFoundation.framework/Versions/A/IDSFoundation
0x00000001a0ae5000 	/System/Library/PrivateFrameworks/Apple80211.framework/Versions/A/Apple80211
0x0000000193b7d000 	/System/Library/Frameworks/CoreWLAN.framework/Versions/A/CoreWLAN
0x00000001b829b000 	/usr/lib/swift/libswiftCoreLocation.dylib
0x0000000198af3000 	/System/Library/PrivateFrameworks/IMFoundation.framework/Versions/A/IMFoundation
0x00000001a9d7f000 	/System/Library/PrivateFrameworks/Marco.framework/Versions/A/Marco
0x000000018d2c7000 	/System/Library/PrivateFrameworks/CommonUtilities.framework/Versions/A/CommonUtilities
0x00000001a67fa000 	/System/Library/PrivateFrameworks/Engram.framework/Versions/A/Engram
0x00000002842ec000 	/usr/lib/swift/libswiftRegexBuilder.dylib
0x00000001a6798000 	/usr/lib/libtidy.A.dylib
0x0000000196baf000 	/System/Library/PrivateFrameworks/Bom.framework/Versions/A/Bom
0x0000000198f23000 	/usr/lib/libParallelCompression.dylib
0x00000001df2be000 	/System/Library/PrivateFrameworks/WiFiPeerToPeer.framework/Versions/A/WiFiPeerToPeer
0x0000000283a7d000 	/usr/lib/libmrc.dylib
0x0000000252f19000 	/System/Library/PrivateFrameworks/IPConfiguration.framework/Versions/A/IPConfiguration
0x00000001d32e7000 	/System/Library/PrivateFrameworks/Netrb.framework/Versions/A/Netrb
0x0000000198f15000 	/System/Library/PrivateFrameworks/MultiverseSupport.framework/Versions/A/MultiverseSupport
0x000000019e328000 	/System/Library/PrivateFrameworks/DiskManagement.framework/Versions/A/DiskManagement
0x000000019e234000 	/System/Library/PrivateFrameworks/AppleIDAuthSupport.framework/Versions/A/AppleIDAuthSupport
0x0000000236093000 	/System/Library/PrivateFrameworks/AAAFoundation.framework/Versions/A/AAAFoundation
0x0000000199427000 	/System/Library/PrivateFrameworks/KeychainCircle.framework/Versions/A/KeychainCircle
0x00000001aa92d000 	/System/Library/PrivateFrameworks/URLFormatting.framework/Versions/A/URLFormatting
0x00000001a12ba000 	/usr/lib/libcsfde.dylib
0x0000000196558000 	/usr/lib/libCoreStorage.dylib
0x000000019abfe000 	/System/Library/PrivateFrameworks/ProtectedCloudStorage.framework/Versions/A/ProtectedCloudStorage
0x00000001a12b5000 	/System/Library/PrivateFrameworks/EFILogin.framework/Versions/A/EFILogin
0x000000019e64c000 	/System/Library/PrivateFrameworks/OctagonTrust.framework/Versions/A/OctagonTrust
0x000000019aecb000 	/System/Library/PrivateFrameworks/GeoServices.framework/Versions/A/GeoServices
0x0000000198b6c000 	/System/Library/PrivateFrameworks/LocationSupport.framework/Versions/A/LocationSupport
0x000000024ff23000 	/System/Library/PrivateFrameworks/GeoServicesCore.framework/Versions/A/GeoServicesCore
0x00000001aa92b000 	/System/Library/PrivateFrameworks/PhoneNumbers.framework/Versions/A/PhoneNumbers
0x0000000258070000 	/System/Library/PrivateFrameworks/LocationLogEncryption.framework/Versions/A/LocationLogEncryption
0x000000019a0d0000 	/System/Library/PrivateFrameworks/IDS.framework/Versions/A/IDS
0x00000001d9f79000 	/System/Library/Frameworks/CryptoKit.framework/Versions/A/CryptoKit
0x00000001a1c18000 	/System/Library/PrivateFrameworks/CryptoKitCBridging.framework/Versions/A/CryptoKitCBridging
0x000000019f236000 	/System/Library/Frameworks/CryptoTokenKit.framework/Versions/A/CryptoTokenKit
0x00000001c01c4000 	/System/Library/PrivateFrameworks/FTAWD.framework/Versions/A/FTAWD
0x000000018959f000 	/usr/lib/libsandbox.1.dylib
0x0000000196550000 	/usr/lib/libMatch.1.dylib
0x00000001a1cdb000 	/System/Library/PrivateFrameworks/IntentsFoundation.framework/Versions/A/IntentsFoundation
0x000000018f4f7000 	/System/Library/PrivateFrameworks/ViewBridge.framework/Versions/A/ViewBridge
0x00000002356bd000 	/System/Library/Frameworks/_AppIntents_AppKit.framework/Versions/A/_AppIntents_AppKit
0x00000001b8280000 	/System/Library/Frameworks/Accelerate.framework/Versions/A/Frameworks/vImage.framework/Versions/A/Libraries/libCGInterfaces.dylib
0x0000000108564000 	/usr/lib/libobjc-trampolines.dylib
0x0000000282b2f000 	/usr/lib/libAccessibilityBaseImplementations.dylib
0x000000027cefb000 	/System/Library/PrivateFrameworks/WritingToolsUI.framework/Versions/A/WritingToolsUI
0x000000024f905000 	/System/Library/PrivateFrameworks/GenerativeAssistantSettings.framework/Versions/A/GenerativeAssistantSettings
0x000000027295a000 	/System/Library/PrivateFrameworks/TextComposer.framework/Versions/A/TextComposer
0x000000024f8db000 	/System/Library/PrivateFrameworks/GenerativeAssistantCommon.framework/Versions/A/GenerativeAssistantCommon
0x00000001b9336000 	/System/Library/Frameworks/SwiftUI.framework/Versions/A/SwiftUI
0x00000002356fc000 	/System/Library/Frameworks/_AuthenticationServices_SwiftUI.framework/Versions/A/_AuthenticationServices_SwiftUI
0x000000023864c000 	/System/Library/PrivateFrameworks/Anvil.framework/Versions/A/Anvil
0x00000001b88e3000 	/System/Library/PrivateFrameworks/AppStoreDaemon.framework/Versions/A/AppStoreDaemon
0x00000001a428c000 	/System/Library/PrivateFrameworks/AppleMediaServices.framework/Versions/A/AppleMediaServices
0x000000024fdae000 	/System/Library/PrivateFrameworks/GenerativePartnerServiceUI.framework/Versions/A/GenerativePartnerServiceUI
0x00000001e72c2000 	/System/Library/PrivateFrameworks/JetEngine.framework/Versions/A/JetEngine
0x000000024fd8b000 	/System/Library/PrivateFrameworks/GenerativePartnerService.framework/Versions/A/GenerativePartnerService
0x00000001b1737000 	/System/Library/Frameworks/SafariServices.framework/Versions/A/SafariServices
0x00000001aeab7000 	/System/Library/Frameworks/WebKit.framework/Versions/A/WebKit
0x00000001b4c80000 	/System/Library/PrivateFrameworks/AppleMediaServicesUI.framework/Versions/A/AppleMediaServicesUI
0x00000001b2418000 	/System/Library/PrivateFrameworks/OnBoardingKit.framework/Versions/A/OnBoardingKit
0x000000026857a000 	/System/Library/PrivateFrameworks/Settings.framework/Versions/A/Settings
0x000000022b3a2000 	/System/Library/Frameworks/ExtensionKit.framework/Versions/A/ExtensionKit
0x000000022b3e6000 	/System/Library/Frameworks/FSKit.framework/Versions/A/FSKit
0x0000000257e21000 	/System/Library/PrivateFrameworks/LiveFS.framework/Versions/A/LiveFS
0x0000000272837000 	/System/Library/PrivateFrameworks/TextAnimationSupport.framework/Versions/A/TextAnimationSupport
0x0000000265a62000 	/System/Library/PrivateFrameworks/RecapPerformanceTesting.framework/Versions/A/RecapPerformanceTesting
0x00000001b2408000 	/System/Library/PrivateFrameworks/SignpostCollection.framework/Versions/A/SignpostCollection
0x00000001a3c1d000 	/System/Library/Frameworks/WebKit.framework/Versions/A/Frameworks/WebKitLegacy.framework/Versions/A/WebKitLegacy
0x00000001b04fc000 	/System/Library/Frameworks/Carbon.framework/Versions/A/Carbon
0x00000001a19fb000 	/System/Library/PrivateFrameworks/CorePrediction.framework/Versions/A/CorePrediction
0x00000001905e8000 	/System/Library/Frameworks/WebKit.framework/Versions/A/Frameworks/WebCore.framework/Versions/A/Frameworks/libwebrtc.dylib
0x00000001aea41000 	/System/Library/PrivateFrameworks/SafariSafeBrowsing.framework/Versions/A/SafariSafeBrowsing
0x0000000198f8b000 	/System/Library/Frameworks/SecurityInterface.framework/Versions/A/SecurityInterface
0x00000001b2417000 	/System/Library/PrivateFrameworks/WebInspectorUI.framework/Versions/A/WebInspectorUI
0x00000001a683a000 	/System/Library/Frameworks/JavaScriptCore.framework/Versions/A/JavaScriptCore
0x00000001aaa72000 	/System/Library/Frameworks/WebKit.framework/Versions/A/Frameworks/WebCore.framework/Versions/A/WebCore
0x00000001a6833000 	/System/Library/Frameworks/Carbon.framework/Versions/A/Frameworks/CommonPanels.framework/Versions/A/CommonPanels
0x00000001a12b1000 	/System/Library/Frameworks/Carbon.framework/Versions/A/Frameworks/Help.framework/Versions/A/Help
0x00000001a6837000 	/System/Library/Frameworks/Carbon.framework/Versions/A/Frameworks/ImageCapture.framework/Versions/A/ImageCapture
0x00000001a6812000 	/System/Library/Frameworks/Carbon.framework/Versions/A/Frameworks/OpenScripting.framework/Versions/A/OpenScripting
0x00000001a6832000 	/System/Library/Frameworks/Carbon.framework/Versions/A/Frameworks/Ink.framework/Versions/A/Ink
0x00000001a682f000 	/System/Library/Frameworks/Carbon.framework/Versions/A/Frameworks/SecurityHI.framework/Versions/A/SecurityHI
0x0000000282f6d000 	/usr/lib/libInterpreterSecurity.dylib
0x00000001c6bd7000 	/System/Library/PrivateFrameworks/XprotectFramework.framework/Versions/A/XprotectFramework
0x00000001a9d80000 	/System/Library/PrivateFrameworks/yara.framework/Versions/A/yara
0x0000000282ee9000 	/usr/lib/libEndpointSecuritySystem.dylib
0x000000022a574000 	/System/Library/Frameworks/BrowserEngineCore.framework/Versions/A/BrowserEngineCore
0x000000023527a000 	/System/Library/Frameworks/WebKit.framework/Versions/A/Frameworks/WebCore.framework/Versions/A/Frameworks/libANGLE-shared.dylib
0x000000027b79d000 	/System/Library/PrivateFrameworks/WebGPU.framework/Versions/A/WebGPU
0x00000001b42f3000 	/System/Library/Frameworks/SceneKit.framework/Versions/A/SceneKit
0x00000001c57fa000 	/System/Library/Frameworks/ModelIO.framework/Versions/A/ModelIO
0x000000019acf5000 	/System/Library/Frameworks/MetalKit.framework/Versions/A/MetalKit
0x000000019cfc9000 	/System/Library/Frameworks/GLKit.framework/Versions/A/GLKit
0x0000000284920000 	/usr/lib/usd/libusd_ms.dylib
0x0000000276c07000 	/System/Library/PrivateFrameworks/USDLib_FormatLoaderProxy.framework/Versions/A/USDLib_FormatLoaderProxy
0x0000000284642000 	/usr/lib/swift/libswift_errno.dylib
0x00000001b1582000 	/System/Library/PrivateFrameworks/CoreOptimization.framework/Versions/A/CoreOptimization
0x000000023b48d000 	/System/Library/PrivateFrameworks/AuthenticationServicesCore.framework/Versions/A/AuthenticationServicesCore
0x00000001bbcda000 	/System/Library/Frameworks/AuthenticationServices.framework/Versions/A/AuthenticationServices
0x00000001964ea000 	/System/Library/PrivateFrameworks/SharedWebCredentials.framework/Versions/A/SharedWebCredentials
0x00000001b32a6000 	/System/Library/PrivateFrameworks/SafariCore.framework/Versions/A/SafariCore
0x00000001bb7fe000 	/System/Library/PrivateFrameworks/SafariFoundation.framework/Versions/A/SafariFoundation
0x000000019dd4c000 	/System/Library/Frameworks/Contacts.framework/Versions/A/Contacts
0x000000023c6db000 	/System/Library/PrivateFrameworks/CBORLibrary.framework/Versions/A/CBORLibrary
0x000000023d6c8000 	/System/Library/PrivateFrameworks/Chirp.framework/Versions/A/Chirp
0x000000023e2c5000 	/System/Library/PrivateFrameworks/CloudSubscriptionFeatures.framework/Versions/A/CloudSubscriptionFeatures
0x000000019da8d000 	/System/Library/PrivateFrameworks/ContactsFoundation.framework/Versions/A/ContactsFoundation
0x00000001e86cc000 	/System/Library/PrivateFrameworks/RemoteManagement.framework/Versions/A/RemoteManagement
0x0000000265df0000 	/System/Library/PrivateFrameworks/RemoteManagementModel.framework/Versions/A/RemoteManagementModel
0x0000000265e81000 	/System/Library/PrivateFrameworks/RemoteManagementStore.framework/Versions/A/RemoteManagementStore
0x000000019ad13000 	/usr/lib/libxcselect.dylib
0x00000001bb76c000 	/System/Library/PrivateFrameworks/DifferentialPrivacy.framework/Versions/A/DifferentialPrivacy
0x000000025a8fc000 	/System/Library/PrivateFrameworks/ManagedSettingsObjC.framework/Versions/A/ManagedSettingsObjC
0x0000000258075000 	/System/Library/PrivateFrameworks/LockdownMode.framework/Versions/A/LockdownMode
0x000000027784b000 	/System/Library/PrivateFrameworks/VDAF.framework/Versions/A/VDAF
0x000000019db65000 	/System/Library/PrivateFrameworks/ContactsPersistence.framework/Versions/A/ContactsPersistence
0x000000019ccc3000 	/System/Library/PrivateFrameworks/AppleLDAP.framework/Versions/A/AppleLDAP
0x00000001a166c000 	/System/Library/Frameworks/ClassKit.framework/Versions/A/ClassKit
0x00000001a391b000 	/System/Library/PrivateFrameworks/CoreSuggestions.framework/Versions/A/CoreSuggestions
0x000000019f1e4000 	/System/Library/PrivateFrameworks/vCard.framework/Versions/A/vCard
0x000000023ef4f000 	/System/Library/PrivateFrameworks/ContactsMetrics.framework/Versions/A/ContactsMetrics
0x0000000196967000 	/System/Library/PrivateFrameworks/login.framework/Versions/A/login
0x000000025a8f6000 	/System/Library/PrivateFrameworks/ManagedOrganizationContacts.framework/Versions/A/ManagedOrganizationContacts
0x000000018fcdd000 	/System/Library/PrivateFrameworks/CloudDocs.framework/Versions/A/CloudDocs
0x00000001aa2ed000 	/System/Library/PrivateFrameworks/ProactiveEventTracker.framework/Versions/A/ProactiveEventTracker
0x0000000198fc5000 	/System/Library/PrivateFrameworks/CoreFollowUp.framework/Versions/A/CoreFollowUp
0x00000001a2e39000 	/System/Library/PrivateFrameworks/ConfigurationProfiles.framework/Versions/A/ConfigurationProfiles
0x00000002445bc000 	/System/Library/PrivateFrameworks/DMCUtilities.framework/Versions/A/DMCUtilities
0x00000002580f6000 	/System/Library/PrivateFrameworks/MDMClientLibrary.framework/Versions/A/MDMClientLibrary
0x0000000265e75000 	/System/Library/PrivateFrameworks/RemoteManagementProtocol.framework/Versions/A/RemoteManagementProtocol
0x000000019d3a8000 	/System/Library/PrivateFrameworks/SystemAdministration.framework/Versions/A/SystemAdministration
0x00000001a826d000 	/System/Library/PrivateFrameworks/PowerlogControl.framework/Versions/A/PowerlogControl
0x00000001a826f000 	/usr/lib/libUniversalAccess.dylib
0x00000001a4d13000 	/System/Library/PrivateFrameworks/FamilyControls.framework/Versions/A/FamilyControls
0x000000019cc98000 	/System/Library/Frameworks/DirectoryService.framework/Versions/A/DirectoryService
0x00000001a1348000 	/System/Library/PrivateFrameworks/LoginUIKit.framework/Versions/A/Frameworks/LoginUICore.framework/Versions/A/LoginUICore
0x0000000196bad000 	/usr/lib/libodfde.dylib
0x00000001a4d0d000 	/System/Library/PrivateFrameworks/UniversalAccess.framework/Versions/A/Libraries/libUAPreferences.dylib
0x00000001a4d37000 	/System/Library/PrivateFrameworks/CommerceKit.framework/Versions/A/Frameworks/CommerceCore.framework/Versions/A/CommerceCore
0x0000000244528000 	/System/Library/PrivateFrameworks/DEPClientLibrary.framework/Versions/A/DEPClientLibrary
0x0000000244551000 	/System/Library/PrivateFrameworks/DMCEnrollmentLibrary.framework/Versions/A/DMCEnrollmentLibrary
0x00000001a8356000 	/System/Library/PrivateFrameworks/SetupAssistantFramework.framework/Versions/A/SetupAssistantFramework
0x00000001a1a53000 	/System/Library/PrivateFrameworks/AuthKitUI.framework/Versions/A/AuthKitUI
0x00000001a1392000 	/System/Library/PrivateFrameworks/AppSSO.framework/Versions/A/AppSSO
0x00000001b863f000 	/System/Library/PrivateFrameworks/LocalAuthenticationUI.framework/Versions/A/LocalAuthenticationUI
0x0000000263ad9000 	/System/Library/PrivateFrameworks/PlatformSSO.framework/Versions/A/PlatformSSO
0x0000000263bc7000 	/System/Library/PrivateFrameworks/PlatformSSOCore.framework/Versions/A/PlatformSSOCore
0x000000022c65a000 	/System/Library/Frameworks/LocalAuthenticationEmbeddedUI.framework/Versions/A/LocalAuthenticationEmbeddedUI
0x00000001b90fb000 	/System/Library/PrivateFrameworks/AOSUI.framework/Versions/A/AOSUI
0x00000001aa0b5000 	/System/Library/Frameworks/ContactsUI.framework/Versions/A/ContactsUI
0x000000019dfdd000 	/System/Library/PrivateFrameworks/FamilyCircle.framework/Versions/A/FamilyCircle
0x00000001c6fc1000 	/System/Library/Frameworks/LinkPresentation.framework/Versions/A/LinkPresentation
0x00000001a9c66000 	/System/Library/PrivateFrameworks/IASUtilities.framework/Versions/A/IASUtilities
0x0000000252de2000 	/System/Library/PrivateFrameworks/IASUtilitiesCore.framework/Versions/A/IASUtilitiesCore
0x0000000265eeb000 	/System/Library/PrivateFrameworks/RemoteUI.framework/Versions/A/RemoteUI
0x0000000257484000 	/System/Library/PrivateFrameworks/LiftUI.framework/Versions/A/LiftUI
0x000000027d509000 	/System/Library/PrivateFrameworks/_IconServices_SwiftUI.framework/Versions/A/_IconServices_SwiftUI
0x000000023e204000 	/System/Library/PrivateFrameworks/CloudSettings.framework/Versions/A/CloudSettings
0x00000001a39ec000 	/System/Library/Frameworks/EventKit.framework/Versions/A/EventKit
0x00000001b262c000 	/System/Library/PrivateFrameworks/SearchFoundation.framework/Versions/A/SearchFoundation
0x00000001c908c000 	/System/Library/PrivateFrameworks/Email.framework/Versions/A/Email
0x00000001b1184000 	/System/Library/PrivateFrameworks/CoreRoutine.framework/Versions/A/CoreRoutine
0x00000001e8039000 	/System/Library/PrivateFrameworks/VoiceShortcutClient.framework/Versions/A/VoiceShortcutClient
0x00000001c0d5f000 	/System/Library/PrivateFrameworks/Categories.framework/Versions/A/Categories
0x00000001b8faa000 	/System/Library/PrivateFrameworks/ChronoServices.framework/Versions/A/ChronoServices
0x000000023d184000 	/System/Library/PrivateFrameworks/CalendarDatabase.framework/Versions/A/CalendarDatabase
0x000000023d0cd000 	/System/Library/PrivateFrameworks/CalendarDaemon.framework/Versions/A/CalendarDaemon
0x00000001a2d5c000 	/System/Library/PrivateFrameworks/CalendarFoundation.framework/Versions/A/CalendarFoundation
0x00000001a2d18000 	/System/Library/PrivateFrameworks/iCalendar.framework/Versions/A/iCalendar
0x00000002447bb000 	/System/Library/PrivateFrameworks/DataAccessExpress.framework/Versions/A/DataAccessExpress
0x00000001aa217000 	/System/Library/PrivateFrameworks/ContactsAutocomplete.framework/Versions/A/ContactsAutocomplete
0x000000028442c000 	/usr/lib/swift/libswiftVideoToolbox.dylib
0x00000001b8ef7000 	/System/Library/PrivateFrameworks/FTClientServices.framework/Versions/A/FTClientServices
0x000000025ff20000 	/System/Library/PrivateFrameworks/OSEligibility.framework/Versions/A/OSEligibility
0x000000027118f000 	/System/Library/PrivateFrameworks/StorageContainersPrivate.framework/Versions/A/StorageContainersPrivate
0x000000028429d000 	/usr/lib/swift/libswiftCoreMediaIO.dylib
0x00000001a9af0000 	/System/Library/PrivateFrameworks/CoreDAV.framework/Versions/A/CoreDAV
0x00000001a38bc000 	/System/Library/PrivateFrameworks/CalDAV.framework/Versions/A/CalDAV
0x00000001ae73d000 	/System/Library/PrivateFrameworks/TelephonyUtilities.framework/Versions/A/TelephonyUtilities
0x000000022c617000 	/System/Library/Frameworks/LiveCommunicationKit.framework/Versions/A/LiveCommunicationKit
0x000000023eb01000 	/System/Library/PrivateFrameworks/CommunicationTrust.framework/Versions/A/CommunicationTrust
0x00000001b30b8000 	/System/Library/Frameworks/CallKit.framework/Versions/A/CallKit
0x000000019dfd5000 	/System/Library/PrivateFrameworks/CommunicationsFilter.framework/Versions/A/CommunicationsFilter
0x00000001dd2e4000 	/System/Library/PrivateFrameworks/IMTransferServices.framework/Versions/A/IMTransferServices
0x00000001b159b000 	/System/Library/PrivateFrameworks/IncomingCallFilter.framework/Versions/A/IncomingCallFilter
0x000000025e66f000 	/System/Library/PrivateFrameworks/NeighborhoodActivityConduit.framework/Versions/A/NeighborhoodActivityConduit
0x00000001b5600000 	/System/Library/PrivateFrameworks/CallHistory.framework/Versions/A/CallHistory
0x0000000282d5c000 	/usr/lib/libBASupport.dylib
0x000000023d59d000 	/System/Library/PrivateFrameworks/CallsUtilities.framework/Versions/A/CallsUtilities
0x000000023d5a8000 	/System/Library/PrivateFrameworks/CallsXPC.framework/Versions/A/CallsXPC
0x00000001e882d000 	/usr/lib/swift/libswiftCallKit.dylib
0x000000023d590000 	/System/Library/PrivateFrameworks/CallsPersistence.framework/Versions/A/CallsPersistence
0x00000002332c2000 	/System/Library/Frameworks/SensitiveContentAnalysis.framework/Versions/A/SensitiveContentAnalysis
0x00000001b663d000 	/System/Library/PrivateFrameworks/PeopleSuggester.framework/Versions/A/PeopleSuggester
0x00000001bfb1c000 	/System/Library/PrivateFrameworks/SpotlightReceiver.framework/Versions/A/SpotlightReceiver
0x000000027d4cf000 	/System/Library/PrivateFrameworks/_AppIntentsServices_AppIntents.framework/Versions/A/_AppIntentsServices_AppIntents
0x0000000238980000 	/System/Library/PrivateFrameworks/AppIntentsServices.framework/Versions/A/AppIntentsServices
0x00000001a2d00000 	/System/Library/PrivateFrameworks/CoreRecents.framework/Versions/A/CoreRecents
0x000000022baec000 	/System/Library/Frameworks/GeoToolbox.framework/Versions/A/GeoToolbox
0x000000023577f000 	/System/Library/Frameworks/_GeoToolbox_AppIntents.framework/Versions/A/_GeoToolbox_AppIntents
0x00000001d2d1a000 	/System/Library/PrivateFrameworks/DiagnosticRequest.framework/Versions/A/DiagnosticRequest
0x000000027d413000 	/System/Library/PrivateFrameworks/XPCDistributed.framework/Versions/A/XPCDistributed
0x0000000265af8000 	/System/Library/PrivateFrameworks/RegulatoryDomain.framework/Versions/A/RegulatoryDomain
0x000000019d0a1000 	/usr/lib/libCTGreenTeaLogger.dylib
0x0000000258047000 	/System/Library/PrivateFrameworks/LocalStatusKit.framework/Versions/A/LocalStatusKit
0x00000001ae629000 	/System/Library/PrivateFrameworks/CoreParsec.framework/Versions/A/CoreParsec
0x00000001c9080000 	/System/Library/PrivateFrameworks/EmailAddressing.framework/Versions/A/EmailAddressing
0x00000001c5069000 	/System/Library/PrivateFrameworks/EmailCore.framework/Versions/A/EmailCore
0x00000001c6097000 	/System/Library/PrivateFrameworks/EmailFoundation.framework/Versions/A/EmailFoundation
0x0000000261661000 	/System/Library/PrivateFrameworks/PegasusAPI.framework/Versions/A/PegasusAPI
0x00000002621b2000 	/System/Library/PrivateFrameworks/PegasusConfiguration.framework/Versions/A/PegasusConfiguration
0x0000000275470000 	/System/Library/PrivateFrameworks/ToolKit.framework/Versions/A/ToolKit
0x0000000266280000 	/System/Library/PrivateFrameworks/ReplicatorEngine.framework/Versions/A/ReplicatorEngine
0x0000000266422000 	/System/Library/PrivateFrameworks/ReplicatorServices.framework/Versions/A/ReplicatorServices
0x000000027212b000 	/System/Library/PrivateFrameworks/SystemWake.framework/Versions/A/SystemWake
0x00000001b328c000 	/System/Library/PrivateFrameworks/ContextKit.framework/Versions/A/ContextKit
0x000000023f09c000 	/System/Library/PrivateFrameworks/ContextKitCore.framework/Versions/A/ContextKitCore
0x00000001b1821000 	/System/Library/Frameworks/LocalAuthentication.framework/Support/DaemonUtils.framework/Versions/A/DaemonUtils
0x0000000257fdc000 	/System/Library/PrivateFrameworks/LocalAuthenticationCoreUI.framework/Versions/A/LocalAuthenticationCoreUI
0x00000001b4c47000 	/System/Library/PrivateFrameworks/BridgeXPC.framework/Versions/A/BridgeXPC
0x00000001b24f4000 	/System/Library/PrivateFrameworks/CoreKDL.framework/Versions/A/CoreKDL
0x00000001b0b24000 	/System/Library/PrivateFrameworks/EmbeddedOSSupportHost.framework/Versions/A/EmbeddedOSSupportHost
0x00000001a5812000 	/System/Library/PrivateFrameworks/LoginUIKit.framework/Versions/A/LoginUIKit
0x00000001c125c000 	/System/Library/PrivateFrameworks/StorageKit.framework/Versions/A/StorageKit
0x00000001ea042000 	/System/Library/Frameworks/DeviceCheck.framework/Versions/A/DeviceCheck
0x00000001c12d6000 	/System/Library/PrivateFrameworks/CoreWLANKit.framework/Versions/A/CoreWLANKit
0x000000027ab25000 	/System/Library/PrivateFrameworks/Wallpaper.framework/Versions/A/Wallpaper
0x00000002842b8000 	/usr/lib/swift/libswiftGLKit.dylib
0x00000002842c3000 	/usr/lib/swift/libswiftMetalKit.dylib
0x00000002842c7000 	/usr/lib/swift/libswiftModelIO.dylib
0x000000028438a000 	/usr/lib/swift/libswiftSceneKit.dylib
0x0000000245126000 	/System/Library/PrivateFrameworks/DiskImages2.framework/Versions/A/DiskImages2
0x00000001c9fc2000 	/System/Library/PrivateFrameworks/DynamicDesktop.framework/Versions/A/DynamicDesktop
0x000000027acb4000 	/System/Library/PrivateFrameworks/WallpaperFoundation.framework/Versions/A/WallpaperFoundation
0x000000027ad12000 	/System/Library/PrivateFrameworks/WallpaperTypes.framework/Versions/A/WallpaperTypes
0x00000001df041000 	/System/Library/PrivateFrameworks/SystemDesktopAppearance.framework/Versions/A/SystemDesktopAppearance
0x00000002805c3000 	/System/Library/PrivateFrameworks/icloudMCCKit.framework/Versions/A/icloudMCCKit
0x00000002398da000 	/System/Library/PrivateFrameworks/AppleAccountUI.framework/Versions/A/AppleAccountUI
0x00000001d32f1000 	/System/Library/PrivateFrameworks/PreferencePanesSupport.framework/Versions/A/PreferencePanesSupport
0x00000001b92ad000 	/System/Library/PrivateFrameworks/FindMyDeviceUI.framework/Versions/A/FindMyDeviceUI
0x000000027e209000 	/System/Library/PrivateFrameworks/iCloudQuotaUI.framework/Versions/A/iCloudQuotaUI
0x00000001d34a5000 	/System/Library/PrivateFrameworks/CoreCDPUI.framework/Versions/A/CoreCDPUI
0x00000001b2fe7000 	/System/Library/PrivateFrameworks/CoreFollowUpUI.framework/Versions/A/CoreFollowUpUI
0x00000001bfd9a000 	/System/Library/PrivateFrameworks/IMCore.framework/Versions/A/IMCore
0x00000001a82d6000 	/System/Library/PrivateFrameworks/CoreCDP.framework/Versions/A/CoreCDP
0x00000001a4277000 	/System/Library/PrivateFrameworks/AskPermission.framework/Versions/A/AskPermission
0x00000001b6d22000 	/System/Library/Frameworks/Quartz.framework/Versions/A/Quartz
0x00000001c383b000 	/System/Library/PrivateFrameworks/CloudPhotoServicesConfiguration.framework/Versions/A/CloudPhotoServicesConfiguration
0x00000001b5425000 	/System/Library/PrivateFrameworks/CommerceKit.framework/Versions/A/CommerceKit
0x00000001c5139000 	/System/Library/PrivateFrameworks/FindMyMac.framework/Versions/A/FindMyMac
0x00000001c500c000 	/System/Library/Frameworks/PreferencePanes.framework/Versions/A/PreferencePanes
0x00000001b872a000 	/System/Library/Frameworks/AddressBook.framework/Versions/A/AddressBook
0x00000001a315a000 	/System/Library/PrivateFrameworks/AOSAccounts.framework/Versions/A/AOSAccounts
0x000000019d3a2000 	/System/Library/PrivateFrameworks/AppleSRP.framework/Versions/A/AppleSRP
0x00000001a1c2c000 	/System/Library/PrivateFrameworks/NetFSServer.framework/Versions/A/NetFSServer
0x00000001b41cd000 	/System/Library/Frameworks/PDFKit.framework/Versions/A/PDFKit
0x0000000234872000 	/System/Library/Frameworks/TabularData.framework/Versions/A/TabularData
0x00000002842de000 	/usr/lib/swift/libswiftPassKit.dylib
0x00000001d749d000 	/System/Library/Frameworks/PassKit.framework/Versions/A/PassKit
0x00000001a591c000 	/System/Library/PrivateFrameworks/PassKitCore.framework/Versions/A/PassKitCore
0x0000000260f83000 	/System/Library/PrivateFrameworks/PassKitMacHelperTemp.framework/Versions/A/PassKitMacHelperTemp
0x0000000282cac000 	/usr/lib/libAppleSSE.dylib
0x00000001b186d000 	/System/Library/PrivateFrameworks/BiometricKit.framework/Versions/A/BiometricKit
0x0000000266a26000 	/System/Library/PrivateFrameworks/SEService.framework/Versions/A/SEService
0x000000022b4ab000 	/System/Library/Frameworks/FinanceKit.framework/Versions/A/FinanceKit
0x00000001b6dd1000 	/System/Library/PrivateFrameworks/NearField.framework/Versions/A/NearField
0x00000002830ac000 	/usr/lib/libSESShared.dylib
0x0000000266c8e000 	/System/Library/PrivateFrameworks/STSXPCHelperClient.framework/Versions/A/STSXPCHelperClient
0x00000001b8b36000 	/usr/lib/libnfshared.dylib
0x0000000271eb3000 	/System/Library/PrivateFrameworks/Symptoms.framework/Versions/A/Frameworks/SymptomPresentationFeed.framework/Versions/A/SymptomPresentationFeed
0x000000023a2f0000 	/System/Library/PrivateFrameworks/AppleMediaServicesKitInternal.framework/Versions/A/AppleMediaServicesKitInternal
0x000000023af93000 	/System/Library/PrivateFrameworks/AsyncAlgorithmsInternal.framework/Versions/A/AsyncAlgorithmsInternal
0x0000000271bf5000 	/System/Library/PrivateFrameworks/SymptomShared.framework/Versions/A/SymptomShared
0x00000001da1e6000 	/System/Library/PrivateFrameworks/PassKitUIFoundation.framework/Versions/A/PassKitUIFoundation
0x000000019ccd5000 	/System/Library/Frameworks/MapKit.framework/Versions/A/MapKit
0x000000024fe59000 	/System/Library/PrivateFrameworks/GeoAnalytics.framework/Versions/A/GeoAnalytics
0x00000001b8b64000 	/System/Library/PrivateFrameworks/Navigation.framework/Versions/A/Navigation
0x00000001c2883000 	/System/Library/PrivateFrameworks/VectorKit.framework/Versions/A/VectorKit
0x00000001a9d31000 	/System/Library/PrivateFrameworks/VirtualGarage.framework/Versions/A/VirtualGarage
0x00000001b8d43000 	/System/Library/Frameworks/ExternalAccessory.framework/ExternalAccessory
0x00000001b8d5e000 	/System/Library/PrivateFrameworks/IAP.framework/Versions/A/IAP
0x000000019cf91000 	/System/Library/PrivateFrameworks/IOPlatformPluginFamily.framework/Versions/A/IOPlatformPluginFamily
0x000000023b5d8000 	/System/Library/PrivateFrameworks/AvatarKit.framework/Versions/A/AvatarKit
0x000000023b697000 	/System/Library/PrivateFrameworks/AvatarPersistence.framework/Versions/A/AvatarPersistence
0x0000000234bf9000 	/System/Library/Frameworks/TipKit.framework/Versions/A/TipKit
0x00000001a5404000 	/System/Library/PrivateFrameworks/IMSharedUtilities.framework/Versions/A/IMSharedUtilities
0x000000028427d000 	/usr/lib/swift/libswiftAppleArchive.dylib
0x000000027794b000 	/System/Library/PrivateFrameworks/VFX.framework/Versions/A/VFX
0x00000001d5053000 	/System/Library/PrivateFrameworks/AppleCVA.framework/Versions/A/AppleCVA
0x000000023b696000 	/System/Library/PrivateFrameworks/AvatarKitContent.framework/Versions/A/AvatarKitContent
0x000000022d3c3000 	/System/Library/Frameworks/MetalFX.framework/Versions/A/MetalFX
0x000000023ec17000 	/System/Library/PrivateFrameworks/CompositorNonUI.framework/Versions/A/CompositorNonUI
0x000000022982f000 	/System/Library/Frameworks/ARKit.framework/Versions/A/ARKit
0x00000002372ea000 	/System/Library/PrivateFrameworks/ARKitCore.framework/Versions/A/ARKitCore
0x0000000282da6000 	/usr/lib/libDisplayWarpSupport.dylib
0x0000000240372000 	/System/Library/PrivateFrameworks/CoreComposite.framework/Versions/A/CoreComposite
0x00000002831e0000 	/usr/lib/libchannel.dylib
0x0000000283eda000 	/usr/lib/librealtime_safety.dylib
0x0000000237377000 	/System/Library/PrivateFrameworks/ARKitFoundation.framework/Versions/A/ARKitFoundation
0x0000000239978000 	/System/Library/PrivateFrameworks/AppleDepth.framework/Versions/A/AppleDepth
0x0000000239aee000 	/System/Library/PrivateFrameworks/AppleDepthCore.framework/Versions/A/AppleDepthCore
0x000000019d0ca000 	/System/Library/PrivateFrameworks/CoreAppleCVA.framework/Versions/A/CoreAppleCVA
0x00000001a9e5f000 	/System/Library/PrivateFrameworks/ContactsUICore.framework/Versions/A/ContactsUICore
0x00000001b16a3000 	/System/Library/PrivateFrameworks/ContactsDonation.framework/Versions/A/ContactsDonation
0x00000001b0f5a000 	/System/Library/PrivateFrameworks/DataDetectors.framework/Versions/A/DataDetectors
0x00000001a38a8000 	/System/Library/Frameworks/MediaLibrary.framework/Versions/A/MediaLibrary
0x000000019dfc4000 	/System/Library/PrivateFrameworks/PersonaKit.framework/Versions/A/PersonaKit
0x00000001a9e4d000 	/System/Library/PrivateFrameworks/PersonaUI.framework/Versions/A/PersonaUI
0x00000001c4a2e000 	/System/Library/PrivateFrameworks/Transparency.framework/Versions/A/Transparency
0x0000000246b89000 	/System/Library/PrivateFrameworks/FindMyLocate.framework/Versions/A/FindMyLocate
0x00000001b2f66000 	/System/Library/PrivateFrameworks/IntlPreferences.framework/Versions/A/IntlPreferences
0x0000000246a62000 	/System/Library/PrivateFrameworks/FindMyCommon.framework/Versions/A/FindMyCommon
0x0000000246851000 	/System/Library/PrivateFrameworks/FindMyBase.framework/Versions/A/FindMyBase
0x0000000231f42000 	/System/Library/Frameworks/NearbyInteraction.framework/Versions/A/NearbyInteraction
0x000000019dbe3000 	/System/Library/PrivateFrameworks/AddressBookCore.framework/Versions/A/AddressBookCore
0x00000001b88c1000 	/System/Library/PrivateFrameworks/ToneKit.framework/Versions/A/ToneKit
0x00000001b2fad000 	/System/Library/PrivateFrameworks/ToneLibrary.framework/Versions/A/ToneLibrary
0x000000023ef1c000 	/System/Library/PrivateFrameworks/ContactsAccounts.framework/Versions/A/ContactsAccounts
0x00000001b6c3d000 	/System/Library/PrivateFrameworks/Lookup.framework/Versions/A/Lookup
0x0000000232827000 	/System/Library/Frameworks/QuickLookUI.framework/Versions/A/QuickLookUI
0x000000023323c000 	/System/Library/Frameworks/ScreenCaptureKit.framework/Versions/A/ScreenCaptureKit
0x00000001b3ce1000 	/System/Library/Frameworks/Quartz.framework/Versions/A/Frameworks/QuartzComposer.framework/Versions/A/QuartzComposer
0x00000001b2f3d000 	/System/Library/Frameworks/Quartz.framework/Versions/A/Frameworks/QuartzFilters.framework/Versions/A/QuartzFilters
0x00000001b1fe9000 	/System/Library/Frameworks/Quartz.framework/Versions/A/Frameworks/ImageKit.framework/Versions/A/ImageKit
0x000000022963c000 	/System/Library/Frameworks/OpenCL.framework/Versions/A/OpenCL
0x00000001b04fb000 	/System/Library/PrivateFrameworks/CorePDF.framework/Versions/A/CorePDF
0x000000019ac8c000 	/System/Library/Frameworks/QuickLook.framework/Versions/A/QuickLook
0x00000001a580d000 	/System/Library/PrivateFrameworks/DisplayServices.framework/Versions/A/DisplayServices
0x00000001b2ec2000 	/System/Library/Frameworks/ImageCaptureCore.framework/Versions/A/ImageCaptureCore
0x000000027995a000 	/System/Library/PrivateFrameworks/VisionKitCore.framework/Versions/A/VisionKitCore
0x00000001ae5f9000 	/System/Library/PrivateFrameworks/QuickLookSupport.framework/Versions/A/QuickLookSupport
0x000000025b1e0000 	/System/Library/PrivateFrameworks/MediaAnalysisServices.framework/Versions/A/MediaAnalysisServices
0x00000001b5c28000 	/System/Library/PrivateFrameworks/PhotoLibraryServices.framework/Versions/A/PhotoLibraryServices
0x00000001b2ada000 	/System/Library/Frameworks/Photos.framework/Versions/A/Photos
0x00000001c73b8000 	/System/Library/PrivateFrameworks/PhotosFormats.framework/Versions/A/PhotosFormats
0x00000001c3866000 	/System/Library/PrivateFrameworks/CloudPhotoLibrary.framework/Versions/A/CloudPhotoLibrary
0x00000001ccc5d000 	/System/Library/PrivateFrameworks/CloudPhotoServices.framework/Versions/A/CloudPhotoServices
0x00000001c91f1000 	/System/Library/PrivateFrameworks/CoreMediaStream.framework/Versions/A/CoreMediaStream
0x000000019e67d000 	/System/Library/PrivateFrameworks/CPAnalytics.framework/Versions/A/CPAnalytics
0x00000001c5732000 	/System/Library/PrivateFrameworks/MediaConversionService.framework/Versions/A/MediaConversionService
0x00000001a53f0000 	/System/Library/PrivateFrameworks/PhotoFoundation.framework/Versions/A/PhotoFoundation
0x000000026279a000 	/System/Library/PrivateFrameworks/PhotoLibraryServicesCore.framework/Versions/A/PhotoLibraryServicesCore
0x00000001bf4a8000 	/System/Library/PrivateFrameworks/MMCS.framework/Versions/A/MMCS
0x00000001a3701000 	/System/Library/PrivateFrameworks/ChunkingLibrary.framework/Versions/A/ChunkingLibrary
0x000000019d36f000 	/System/Library/PrivateFrameworks/AssetCacheServices.framework/Versions/A/AssetCacheServices
0x000000019f335000 	/System/Library/PrivateFrameworks/AVFoundationCF.framework/Versions/A/AVFoundationCF
0x00000001dd1df000 	/usr/lib/swift/libswiftDemangle.dylib
0x0000000252fd3000 	/System/Library/PrivateFrameworks/ImageCaptureDevices.framework/Versions/A/ImageCaptureDevices
0x00000001b1217000 	/System/Library/PrivateFrameworks/MediaStream.framework/Versions/A/MediaStream
0x00000001c5bd4000 	/System/Library/PrivateFrameworks/NeutrinoCore.framework/Versions/A/NeutrinoCore
0x000000018cb56000 	/System/Library/PrivateFrameworks/NLP.framework/Versions/A/NLP
0x00000001cb9f0000 	/System/Library/PrivateFrameworks/PhotoImaging.framework/Versions/A/PhotoImaging
0x00000001ccc1e000 	/System/Library/PrivateFrameworks/PhotosImagingFoundation.framework/Versions/A/PhotosImagingFoundation
0x0000000263347000 	/System/Library/PrivateFrameworks/PhotosIntelligenceCore.framework/Versions/A/PhotosIntelligenceCore
0x000000019f771000 	/System/Library/PrivateFrameworks/EmbeddedAcousticRecognition.framework/Versions/A/EmbeddedAcousticRecognition
0x00000001baac5000 	/System/Library/PrivateFrameworks/EmojiFoundation.framework/Versions/A/EmojiFoundation
0x00000001c3adf000 	/System/Library/PrivateFrameworks/SDAPI.framework/Versions/A/SDAPI
0x00000001ccc6c000 	/System/Library/PrivateFrameworks/AutoLoop.framework/Versions/A/AutoLoop
0x0000000263f28000 	/System/Library/PrivateFrameworks/Portrait.framework/Versions/A/Portrait
0x0000000247219000 	/System/Library/PrivateFrameworks/FusionTracker.framework/Versions/A/FusionTracker
0x00000001b377b000 	/System/Library/PrivateFrameworks/iTunesCloud.framework/Versions/A/iTunesCloud
0x00000001bc9cd000 	/System/Library/PrivateFrameworks/DAAPKit.framework/Versions/A/DAAPKit
0x00000001ae976000 	/System/Library/PrivateFrameworks/DeviceManagement.framework/Versions/A/DeviceManagement
0x00000001d2c6b000 	/System/Library/PrivateFrameworks/ScreenTimeUI.framework/Versions/A/ScreenTimeUI
0x00000001b0f54000 	/System/Library/PrivateFrameworks/QuickLookNonBaseSystem.framework/Versions/A/QuickLookNonBaseSystem
0x00000001b1779000 	/System/Library/PrivateFrameworks/Catalyst.framework/Versions/A/Catalyst
0x00000001b315f000 	/System/Library/PrivateFrameworks/ScreenTimeCore.framework/Versions/A/ScreenTimeCore
0x00000001c6862000 	/System/Library/PrivateFrameworks/ScreenTimeServiceUI.framework/Versions/A/ScreenTimeServiceUI
0x00000001bf638000 	/System/Library/PrivateFrameworks/ConfigurationEngineModel.framework/Versions/A/ConfigurationEngineModel
0x00000001c283c000 	/System/Library/PrivateFrameworks/UsageTracking.framework/Versions/A/UsageTracking
0x000000022b13d000 	/System/Library/Frameworks/DeviceActivity.framework/Versions/A/DeviceActivity
0x00000001c280c000 	/System/Library/PrivateFrameworks/KnowledgeMonitor.framework/Versions/A/KnowledgeMonitor
0x00000001da18c000 	/System/Library/PrivateFrameworks/BluetoothManager.framework/Versions/A/BluetoothManager
0x000000022c748000 	/System/Library/Frameworks/ManagedSettings.framework/Versions/A/ManagedSettings
0x000000025a93d000 	/System/Library/PrivateFrameworks/ManagedSettingsSupport.framework/Versions/A/ManagedSettingsSupport
0x00000001d756d000 	/System/Library/Frameworks/ReplayKit.framework/Versions/A/ReplayKit
0x00000001a67cc000 	/System/Library/PrivateFrameworks/MarkupUI.framework/Versions/A/MarkupUI
0x00000001b0f2c000 	/System/Library/PrivateFrameworks/SidecarCore.framework/Versions/A/SidecarCore
0x00000001b3b96000 	/System/Library/PrivateFrameworks/AnnotationKit.framework/Versions/A/AnnotationKit
0x00000001b222e000 	/System/Library/Frameworks/PencilKit.framework/Versions/A/PencilKit
0x00000001b23f3000 	/System/Library/PrivateFrameworks/SidecarUI.framework/Versions/A/SidecarUI
0x00000001b1b89000 	/System/Library/PrivateFrameworks/CoreHandwriting.framework/Versions/A/CoreHandwriting
0x000000018671d000 	/usr/lib/libmecabra.dylib
0x00000001aa425000 	/System/Library/PrivateFrameworks/Calculate.framework/Versions/A/Calculate
0x000000019629a000 	/usr/lib/libChineseTokenizer.dylib
0x00000001e85f1000 	/System/Library/PrivateFrameworks/ScreenReaderCore.framework/Versions/A/ScreenReaderCore
0x0000000271121000 	/System/Library/PrivateFrameworks/StocksKit.framework/Versions/A/StocksKit
0x00000001a941a000 	/System/Library/PrivateFrameworks/OAuth.framework/Versions/A/OAuth
0x0000000270e12000 	/System/Library/PrivateFrameworks/StocksCore.framework/Versions/A/StocksCore
0x0000000272423000 	/System/Library/PrivateFrameworks/TeaFoundation.framework/Versions/A/TeaFoundation
0x0000000272605000 	/System/Library/PrivateFrameworks/TeaSettings.framework/Versions/A/TeaSettings
0x00000001de8a7000 	/System/Library/PrivateFrameworks/NewsCore.framework/Versions/A/NewsCore
0x00000002723bf000 	/System/Library/PrivateFrameworks/TeaDB.framework/Versions/A/TeaDB
0x00000001db2a3000 	/System/Library/PrivateFrameworks/RemoteConfiguration.framework/Versions/A/RemoteConfiguration
0x00000001de4b2000 	/System/Library/PrivateFrameworks/NewsTransport.framework/Versions/A/NewsTransport
0x00000001de897000 	/System/Library/PrivateFrameworks/NewsFoundation.framework/Versions/A/NewsFoundation
0x000000025ec75000 	/System/Library/PrivateFrameworks/NewsURLBucket.framework/Versions/A/NewsURLBucket
0x00000001b581f000 	/System/Library/PrivateFrameworks/MobileInstallation.framework/Versions/A/MobileInstallation
0x0000000234d66000 	/System/Library/Frameworks/Translation.framework/Versions/A/Translation
0x00000001ce670000 	/System/Library/PrivateFrameworks/RevealCore.framework/Versions/A/RevealCore
0x00000001ce664000 	/System/Library/PrivateFrameworks/Reveal.framework/Versions/A/Reveal
0x00000001c652c000 	/System/Library/Frameworks/Speech.framework/Versions/A/Speech
0x00000002361ca000 	/System/Library/PrivateFrameworks/AIMLExperimentationAnalytics.framework/Versions/A/AIMLExperimentationAnalytics
0x000000023852f000 	/System/Library/PrivateFrameworks/AlgorithmsInternal.framework/Versions/A/AlgorithmsInternal
0x0000000275c59000 	/System/Library/PrivateFrameworks/TranslationUIServices.framework/Versions/A/TranslationUIServices
0x0000000274b44000 	/System/Library/PrivateFrameworks/TipKitCore.framework/Versions/A/TipKitCore
0x00000001bab49000 	/System/Library/PrivateFrameworks/CoreCDPInternal.framework/Versions/A/CoreCDPInternal
0x00000002537b0000 	/System/Library/PrivateFrameworks/InputAnalytics.framework/Versions/A/InputAnalytics
0x00000001c0666000 	/System/Library/Frameworks/InstantMessage.framework/Versions/A/InstantMessage
0x00000001b8638000 	/System/Library/PrivateFrameworks/IDSKVStore.framework/Versions/A/IDSKVStore
0x00000001b82fe000 	/System/Library/PrivateFrameworks/IMDPersistence.framework/Versions/A/IMDPersistence
0x0000000277841000 	/System/Library/PrivateFrameworks/UserSafety.framework/Versions/A/UserSafety
0x00000001d939c000 	/System/Library/PrivateFrameworks/BlastDoor.framework/Versions/A/BlastDoor
0x0000000257c62000 	/System/Library/PrivateFrameworks/LinkPresentationStyleSheetParsing.framework/Versions/A/LinkPresentationStyleSheetParsing
0x00000002640d9000 	/System/Library/PrivateFrameworks/PosterFoundation.framework/Versions/A/PosterFoundation
0x0000000264168000 	/System/Library/PrivateFrameworks/PosterModel.framework/Versions/A/PosterModel
0x0000000264143000 	/System/Library/PrivateFrameworks/PosterFuturesKit.framework/Versions/A/PosterFuturesKit
0x0000000246640000 	/System/Library/PrivateFrameworks/FeedbackService.framework/Versions/A/FeedbackService
0x00000001b15fa000 	/System/Library/PrivateFrameworks/CoreSDB.framework/Versions/A/CoreSDB
0x000000023ad7c000 	/System/Library/PrivateFrameworks/AskToCore.framework/Versions/A/AskToCore
0x00000001d34a2000 	/System/Library/PrivateFrameworks/MachineSettings.framework/Versions/A/MachineSettings
0x00000001c4f8e000 	/System/Library/PrivateFrameworks/BezelServices.framework/Versions/A/BezelServices
0x00000001bca59000 	/System/Library/PrivateFrameworks/SPOwner.framework/Versions/A/SPOwner
0x00000001b548a000 	/System/Library/PrivateFrameworks/FMCore.framework/Versions/A/FMCore
0x000000027e161000 	/System/Library/PrivateFrameworks/iCloudQuota.framework/Versions/A/iCloudQuota
0x00000001a9dca000 	/System/Library/PrivateFrameworks/CoreRecognition.framework/Versions/A/CoreRecognition
0x00000001c5044000 	/System/Library/PrivateFrameworks/InAppMessages.framework/Versions/A/InAppMessages
0x00000001e71da000 	/System/Library/PrivateFrameworks/JetUI.framework/Versions/A/JetUI
0x0000000256f43000 	/System/Library/PrivateFrameworks/JetPack.framework/Versions/A/JetPack
0x00000001c503b000 	/System/Library/PrivateFrameworks/InAppMessagesCore.framework/Versions/A/InAppMessagesCore
0x000000027d519000 	/System/Library/PrivateFrameworks/_JetEngine_SwiftUI.framework/Versions/A/_JetEngine_SwiftUI
0x0000000271edc000 	/System/Library/PrivateFrameworks/Synapse.framework/Versions/A/Synapse
0x000000023cf24000 	/System/Library/PrivateFrameworks/CSExattrCrypto.framework/Versions/A/CSExattrCrypto
0x00000001b6926000 	/System/Library/PrivateFrameworks/StoreFoundation.framework/Versions/A/StoreFoundation
0x00000001b5484000 	/System/Library/PrivateFrameworks/ServerInformation.framework/Versions/A/ServerInformation
0x00000001b4eba000 	/System/Library/PrivateFrameworks/Install.framework/Frameworks/DistributionKit.framework/Versions/A/DistributionKit
0x00000001ae3cd000 	/System/Library/PrivateFrameworks/PackageKit.framework/Versions/A/PackageKit
0x00000001b4edd000 	/System/Library/PrivateFrameworks/OSPersonalization.framework/Versions/A/OSPersonalization
0x00000001b6eb0000 	/System/Library/PrivateFrameworks/BridgeOSSoftwareUpdate.framework/Versions/A/BridgeOSSoftwareUpdate
0x00000001b1a91000 	/System/Library/PrivateFrameworks/StorageManagement.framework/Versions/A/StorageManagement
0x00000001c63b2000 	/usr/lib/libauthinstall.dylib
0x00000001b6eb9000 	/System/Library/PrivateFrameworks/InstallerDiagnostics.framework/Versions/A/InstallerDiagnostics
0x00000001c6a2e000 	/usr/lib/libcrypto.42.dylib
0x00000002847e4000 	/usr/lib/updaters/libAppleTconUARPUpdater.dylib
0x0000000284907000 	/usr/lib/updaters/libT200Updater.dylib
0x00000001b6e9e000 	/System/Library/PrivateFrameworks/GPUInfo.framework/Versions/A/GPUInfo
0x00000001c513f000 	/System/Library/PrivateFrameworks/MobileActivationMacOS.framework/Versions/A/MobileActivationMacOS
0x00000001a935c000 	/System/Library/PrivateFrameworks/AccountsDaemon.framework/Versions/A/AccountsDaemon
0x00000001993d8000 	/System/Library/PrivateFrameworks/CacheDelete.framework/Versions/A/CacheDelete
0x00000001a1d50000 	/System/Library/Frameworks/QuickLookThumbnailing.framework/Versions/A/QuickLookThumbnailing
0x00000001b6efd000 	/System/Library/PrivateFrameworks/AOSKit.framework/Versions/A/AOSKit
0x00000001963cb000 	/System/Library/PrivateFrameworks/AppSSOCore.framework/Versions/A/AppSSOCore
0x00000001b0905000 	/System/Library/Frameworks/AVFoundation.framework/Versions/A/AVFoundation
0x000000023b730000 	/System/Library/PrivateFrameworks/BackgroundSystemTasks.framework/Versions/A/BackgroundSystemTasks
0x00000001a1c66000 	/System/Library/PrivateFrameworks/DuetActivityScheduler.framework/Versions/A/DuetActivityScheduler
0x00000001c3795000 	/System/Library/PrivateFrameworks/NetworkServiceProxy.framework/Versions/A/NetworkServiceProxy
0x000000019d003000 	/usr/lib/libnetworkextension.dylib
0x000000019f67f000 	/System/Library/PrivateFrameworks/Rapport.framework/Versions/A/Rapport
0x0000000271c05000 	/System/Library/PrivateFrameworks/Symptoms.framework/Versions/A/Frameworks/SymptomAnalytics.framework/Versions/A/SymptomAnalytics
0x0000000199e0c000 	/System/Library/Frameworks/NetworkExtension.framework/Versions/A/NetworkExtension
0x00000001a0426000 	/System/Library/PrivateFrameworks/CoreDuetContext.framework/Versions/A/CoreDuetContext
0x000000018b1a3000 	/System/Library/PrivateFrameworks/CoreDuet.framework/Versions/A/CoreDuet
0x00000001a5149000 	/System/Library/PrivateFrameworks/AssistantServices.framework/Versions/A/AssistantServices
0x000000019f479000 	/System/Library/PrivateFrameworks/SAObjects.framework/Versions/A/SAObjects
0x00000001a4d44000 	/System/Library/PrivateFrameworks/MediaRemote.framework/Versions/A/MediaRemote
0x00000001b73f1000 	/System/Library/PrivateFrameworks/SiriInstrumentation.framework/Versions/A/SiriInstrumentation
0x0000000268b8a000 	/System/Library/PrivateFrameworks/SiriAnalytics.framework/Versions/A/SiriAnalytics
0x000000026ea31000 	/System/Library/PrivateFrameworks/SiriTTSService.framework/Versions/A/SiriTTSService
0x00000002694c6000 	/System/Library/PrivateFrameworks/SiriCrossDeviceArbitration.framework/Versions/A/SiriCrossDeviceArbitration
0x00000001b4c52000 	/System/Library/PrivateFrameworks/FeedbackLogger.framework/Versions/A/FeedbackLogger
0x00000002461e8000 	/System/Library/PrivateFrameworks/FaceTimeNameUtility.framework/Versions/A/FaceTimeNameUtility
0x000000026951a000 	/System/Library/PrivateFrameworks/SiriCrossDeviceArbitrationFeedback.framework/Versions/A/SiriCrossDeviceArbitrationFeedback
0x000000024fc43000 	/System/Library/PrivateFrameworks/GenerativeModels.framework/Versions/A/GenerativeModels
0x0000000229975000 	/System/Library/Frameworks/AVRouting.framework/Versions/A/AVRouting
0x00000001a9bdd000 	/System/Library/PrivateFrameworks/MediaServices.framework/Versions/A/MediaServices
0x0000000197a2d000 	/System/Library/Frameworks/MediaToolbox.framework/Versions/A/MediaToolbox
0x000000019e41e000 	/System/Library/PrivateFrameworks/CoreAVCHD.framework/Versions/A/CoreAVCHD
0x000000019e41a000 	/System/Library/PrivateFrameworks/Mangrove.framework/Versions/A/Mangrove
0x000000023cd40000 	/System/Library/PrivateFrameworks/CMPhoto.framework/Versions/A/CMPhoto
0x000000019ec04000 	/System/Library/Frameworks/CoreTelephony.framework/Versions/A/CoreTelephony
0x000000019e40d000 	/System/Library/PrivateFrameworks/CoreAUC.framework/Versions/A/CoreAUC
0x000000023a074000 	/System/Library/PrivateFrameworks/AppleJPEGXL.framework/Versions/A/AppleJPEGXL
0x0000000199479000 	/usr/lib/libTelephonyUtilDynamic.dylib
0x000000019f2b7000 	/System/Library/Frameworks/LocalAuthentication.framework/Versions/A/LocalAuthentication
0x0000000257e98000 	/System/Library/PrivateFrameworks/LocalAuthenticationCore.framework/Versions/A/LocalAuthenticationCore
0x000000025801d000 	/System/Library/PrivateFrameworks/LocalAuthenticationCredentialServices.framework/Versions/A/LocalAuthenticationCredentialServices
0x000000019f323000 	/System/Library/Frameworks/LocalAuthentication.framework/Support/SharedUtils.framework/Versions/A/SharedUtils
0x0000000196815000 	/System/Library/PrivateFrameworks/PersistentConnection.framework/Versions/A/PersistentConnection
0x0000000270246000 	/System/Library/PrivateFrameworks/SonicFoundation.framework/Versions/A/SonicFoundation
0x0000000244a46000 	/System/Library/PrivateFrameworks/Dendrite.framework/Versions/A/Dendrite
0x00000001b9300000 	/usr/lib/libtailspin.dylib
0x00000001ccd7c000 	/System/Library/PrivateFrameworks/Osprey.framework/Versions/A/Osprey
0x000000026e08b000 	/System/Library/PrivateFrameworks/SiriTTS.framework/Versions/A/SiriTTS
0x00000001b16c0000 	/System/Library/Frameworks/NaturalLanguage.framework/Versions/A/NaturalLanguage
0x000000026ce71000 	/System/Library/PrivateFrameworks/SiriPowerInstrumentation.framework/Versions/A/SiriPowerInstrumentation
0x00000001b2583000 	/System/Library/PrivateFrameworks/Trial.framework/Versions/A/Trial
0x00000001b2505000 	/System/Library/PrivateFrameworks/TrialProto.framework/Versions/A/TrialProto
0x0000000276f06000 	/System/Library/PrivateFrameworks/UnifiedAssetFramework.framework/Versions/A/UnifiedAssetFramework
0x00000001ceda4000 	/usr/lib/swift/libswiftAVFoundation.dylib
0x00000001df245000 	/usr/lib/swift/libswiftNaturalLanguage.dylib
0x00000002723bd000 	/System/Library/PrivateFrameworks/TailspinSymbolication.framework/Versions/A/TailspinSymbolication
0x0000000244685000 	/System/Library/PrivateFrameworks/Darwinup.framework/Versions/A/Darwinup
0x00000001c576d000 	/System/Library/PrivateFrameworks/SignpostSupport.framework/Versions/A/SignpostSupport
0x00000001b1587000 	/System/Library/PrivateFrameworks/FeatureFlagsSupport.framework/Versions/A/FeatureFlagsSupport
0x00000001c4ea0000 	/System/Library/PrivateFrameworks/ktrace.framework/Versions/A/ktrace
0x00000001c599c000 	/System/Library/PrivateFrameworks/SampleAnalysis.framework/Versions/A/SampleAnalysis
0x00000001ce63e000 	/System/Library/PrivateFrameworks/kperfdata.framework/Versions/A/kperfdata
0x000000019adcd000 	/usr/lib/libdscsym.dylib
0x00000001ceafa000 	/System/Library/PrivateFrameworks/BulkSymbolication.framework/Versions/A/BulkSymbolication
0x00000001a1d9c000 	/System/Library/PrivateFrameworks/Espresso.framework/Versions/A/Espresso
0x000000018fdbe000 	/System/Library/Frameworks/CoreML.framework/Versions/A/CoreML
0x00000001e8998000 	/System/Library/PrivateFrameworks/ANECompiler.framework/Versions/A/ANECompiler
0x00000001a3e93000 	/System/Library/PrivateFrameworks/AppleNeuralEngine.framework/Versions/A/AppleNeuralEngine
0x000000022d46f000 	/System/Library/Frameworks/MetalPerformanceShadersGraph.framework/Versions/A/MetalPerformanceShadersGraph
0x0000000258924000 	/System/Library/PrivateFrameworks/MLCompilerServices.framework/Versions/A/MLCompilerServices
0x00000001a2c3e000 	/System/Library/PrivateFrameworks/ANEServices.framework/Versions/A/ANEServices
0x000000025fcd1000 	/System/Library/PrivateFrameworks/ODIE.framework/Versions/A/ODIE
0x00000002588c8000 	/System/Library/PrivateFrameworks/MLCompilerRuntime.framework/Versions/A/MLCompilerRuntime
0x00000001941c8000 	/System/Library/Frameworks/MLCompute.framework/Versions/A/MLCompute
0x000000025884a000 	/System/Library/PrivateFrameworks/MLAssetIO.framework/Versions/A/MLAssetIO
0x00000002842bc000 	/usr/lib/swift/libswiftMLCompute.dylib
0x000000019ee0a000 	/System/Library/PrivateFrameworks/AVFCore.framework/Versions/A/AVFCore
0x00000001a8367000 	/System/Library/PrivateFrameworks/AVFCapture.framework/Versions/A/AVFCapture
0x000000023cb29000 	/System/Library/PrivateFrameworks/CMImaging.framework/Versions/A/CMImaging
0x00000001a85b1000 	/System/Library/PrivateFrameworks/Quagga.framework/Versions/A/Quagga
0x00000001a86e5000 	/System/Library/PrivateFrameworks/CMCapture.framework/Versions/A/CMCapture
0x0000000198ffc000 	/System/Library/Frameworks/CoreMediaIO.framework/Versions/A/CoreMediaIO
0x000000023ca65000 	/System/Library/PrivateFrameworks/CMCaptureDevice.framework/Versions/A/CMCaptureDevice
0x000000019698b000 	/System/Library/PrivateFrameworks/CoreBrightness.framework/Versions/A/CoreBrightness
0x000000023db40000 	/System/Library/PrivateFrameworks/CinematicFraming.framework/Versions/A/CinematicFraming
0x000000025c987000 	/System/Library/PrivateFrameworks/ModelManagerServices.framework/Versions/A/ModelManagerServices
0x00000001cbe3a000 	/System/Library/PrivateFrameworks/CPMS.framework/Versions/A/CPMS
0x00000002720b3000 	/System/Library/PrivateFrameworks/SystemStatus.framework/Versions/A/SystemStatus
0x00000001b04fd000 	/System/Library/Frameworks/CoreMotion.framework/Versions/A/CoreMotion
0x00000001c0724000 	/System/Library/PrivateFrameworks/TimeSync.framework/Versions/A/TimeSync
0x0000000245368000 	/System/Library/PrivateFrameworks/DistributedSensing.framework/Versions/A/DistributedSensing
0x00000001bbc98000 	/System/Library/PrivateFrameworks/MobileBluetooth.framework/Versions/A/MobileBluetooth
0x00000001c2424000 	/System/Library/PrivateFrameworks/IOKitten.framework/Versions/A/IOKitten
0x0000000239f77000 	/System/Library/PrivateFrameworks/AppleIntelligenceReporting.framework/Versions/A/AppleIntelligenceReporting
0x0000000187999000 	/System/Library/PrivateFrameworks/LanguageModeling.framework/Versions/A/LanguageModeling
0x000000018c95d000 	/System/Library/PrivateFrameworks/Montreal.framework/Versions/A/Montreal
0x0000000194c47000 	/usr/lib/libcmph.dylib
0x000000024fd20000 	/System/Library/PrivateFrameworks/GenerativeModelsFoundation.framework/Versions/A/GenerativeModelsFoundation
0x0000000274ead000 	/System/Library/PrivateFrameworks/TokenGeneration.framework/Versions/A/TokenGeneration
0x000000024faff000 	/System/Library/PrivateFrameworks/GenerativeFunctions.framework/Versions/A/GenerativeFunctions
0x000000024fb4b000 	/System/Library/PrivateFrameworks/GenerativeFunctionsFoundation.framework/Versions/A/GenerativeFunctionsFoundation
0x000000025c5a4000 	/System/Library/PrivateFrameworks/ModelCatalog.framework/Versions/A/ModelCatalog
0x0000000268036000 	/System/Library/PrivateFrameworks/SensitiveContentAnalysisML.framework/Versions/A/SensitiveContentAnalysisML
0x000000024fbe0000 	/System/Library/PrivateFrameworks/GenerativeFunctionsInstrumentation.framework/Versions/A/GenerativeFunctionsInstrumentation
0x0000000265232000 	/System/Library/PrivateFrameworks/PromptKit.framework/Versions/A/PromptKit
0x0000000264d03000 	/System/Library/PrivateFrameworks/ProactiveDaemonSupport.framework/Versions/A/ProactiveDaemonSupport
0x00000002750fb000 	/System/Library/PrivateFrameworks/TokenGenerationCore.framework/Versions/A/TokenGenerationCore
0x0000000239bd8000 	/System/Library/PrivateFrameworks/AppleFlatBuffers.framework/Versions/A/AppleFlatBuffers
0x000000026826f000 	/System/Library/PrivateFrameworks/SentencePieceInternal.framework/Versions/A/SentencePieceInternal
0x000000019d3e7000 	/System/Library/Frameworks/Vision.framework/Versions/A/Vision
0x000000024405d000 	/System/Library/PrivateFrameworks/CoreSceneUnderstanding.framework/Versions/A/CoreSceneUnderstanding
0x000000027990e000 	/System/Library/PrivateFrameworks/VisionCore.framework/Versions/A/VisionCore
0x00000001bac31000 	/System/Library/Frameworks/Vision.framework/libfaceCore.dylib
0x00000001bb754000 	/System/Library/PrivateFrameworks/Futhark.framework/Versions/A/Futhark
0x00000001bf554000 	/System/Library/PrivateFrameworks/InertiaCam.framework/Versions/A/InertiaCam
0x00000001bb4dc000 	/System/Library/PrivateFrameworks/TextRecognition.framework/Versions/A/TextRecognition
0x00000001963ec000 	/System/Library/PrivateFrameworks/CVNLP.framework/Versions/A/CVNLP
0x000000018f85c000 	/System/Library/PrivateFrameworks/ApplePushService.framework/Versions/A/ApplePushService
0x000000018f8c7000 	/System/Library/Frameworks/CloudKit.framework/Versions/A/CloudKit
0x00000001a2dfc000 	/System/Library/PrivateFrameworks/CoreDuetDaemonProtocol.framework/Versions/A/CoreDuetDaemonProtocol
0x00000001c7f81000 	/System/Library/PrivateFrameworks/DeviceIdentity.framework/Versions/A/DeviceIdentity
0x0000000233453000 	/System/Library/Frameworks/SharedWithYouCore.framework/Versions/A/SharedWithYouCore
0x000000023e3e8000 	/System/Library/PrivateFrameworks/CloudTelemetry.framework/Versions/A/CloudTelemetry
0x00000001a1733000 	/System/Library/PrivateFrameworks/AppleAccount.framework/Versions/A/AppleAccount
0x00000001a1cf5000 	/System/Library/PrivateFrameworks/C2.framework/Versions/A/C2
0x000000023e05a000 	/System/Library/PrivateFrameworks/CloudCoreInternal.framework/Versions/A/CloudCoreInternal
0x000000023ddff000 	/System/Library/PrivateFrameworks/CloudAsset.framework/Versions/A/CloudAsset
0x00000001a1cec000 	/System/Library/Frameworks/PushKit.framework/Versions/A/PushKit
0x000000023e408000 	/System/Library/PrivateFrameworks/CloudTelemetryTools.framework/Versions/A/CloudTelemetryTools
0x00000001a3bee000 	/System/Library/PrivateFrameworks/RTCReporting.framework/Versions/A/RTCReporting
0x00000002360b0000 	/System/Library/PrivateFrameworks/AAAFoundationSwift.framework/Versions/A/AAAFoundationSwift
0x00000001a19be000 	/System/Library/PrivateFrameworks/AppleIDSSOAuthentication.framework/Versions/A/AppleIDSSOAuthentication
0x00000001b67d1000 	/System/Library/PrivateFrameworks/CaptiveNetwork.framework/Versions/A/CaptiveNetwork
0x00000001a11c4000 	/System/Library/PrivateFrameworks/EAP8021X.framework/Versions/A/EAP8021X
0x000000024446b000 	/System/Library/PrivateFrameworks/CryptoKitPrivate.framework/Versions/A/CryptoKitPrivate
0x00000001b0b54000 	/System/Library/PrivateFrameworks/FindMyDevice.framework/Versions/A/FindMyDevice
0x00000001a58fc000 	/System/Library/PrivateFrameworks/FMCoreLite.framework/Versions/A/FMCoreLite
0x0000000193e68000 	/System/Library/Frameworks/ServiceManagement.framework/Versions/A/ServiceManagement
0x0000000127f0c000 	/Users/acayuela/Downloads/javafx-sdk-17.0.18/lib/libjavafx_font.dylib
0x00000001c5965000 	/System/Library/PrivateFrameworks/UIKitServices.framework/Versions/A/UIKitServices
0x0000000272bce000 	/System/Library/PrivateFrameworks/TextInputUI.framework/Versions/A/TextInputUI
0x0000000272c03000 	/System/Library/PrivateFrameworks/TextInputUIMacHelper.framework/Versions/A/TextInputUIMacHelper
0x00000001bb854000 	/System/Library/CoreServices/RawCamera.bundle/Contents/MacOS/RawCamera
0x00000001bb844000 	/System/Library/PrivateFrameworks/SafariPlatformSupport.framework/Versions/A/SafariPlatformSupport
0x0000000270841000 	/System/Library/PrivateFrameworks/SpotlightKnowledge.framework/Versions/A/SpotlightKnowledge
0x0000000270828000 	/System/Library/PrivateFrameworks/SpotlightEmbedding.framework/Versions/A/SpotlightEmbedding
0x000000018b146000 	/System/Library/PrivateFrameworks/SpotlightLinguistics.framework/Versions/A/SpotlightLinguistics
0x00000002709f5000 	/System/Library/PrivateFrameworks/SpotlightResources.framework/Versions/A/SpotlightResources
0x00000001b6795000 	/System/Library/PrivateFrameworks/DataDeliveryServices.framework/Versions/A/DataDeliveryServices

JVMTI agents:
/Users/acayuela/Applications/IntelliJ IDEA.app/Contents/lib/idea_rt.jar path:none, loaded, initialized, instrumentlib options:60958


VM Arguments:
jvm_args: --module-path=/Users/acayuela/Downloads/javafx-sdk-17.0.18/lib --add-modules=javafx.controls,javafx.graphics,javafx.base -Djava.library.path=/Users/acayuela/Downloads/javafx-sdk-17.0.18/lib -javaagent:/Users/acayuela/Applications/IntelliJ IDEA.app/Contents/lib/idea_rt.jar=60958 -Dfile.encoding=UTF-8 -Dsun.stdout.encoding=UTF-8 -Dsun.stderr.encoding=UTF-8 
java_command: Main
java_class_path (initial): /Users/acayuela/Downloads/javafx-sdk-17.0.18:/Users/acayuela/Downloads/javafx-sdk-17.0.18/lib:/Users/acayuela/Downloads/javafx-sdk-17.0.18/lib/javafx-swt.jar:/Users/acayuela/Downloads/javafx-sdk-17.0.18/lib/javafx.base.jar:/Users/acayuela/Downloads/javafx-sdk-17.0.18/lib/javafx.controls.jar:/Users/acayuela/Downloads/javafx-sdk-17.0.18/lib/javafx.fxml.jar:/Users/acayuela/Downloads/javafx-sdk-17.0.18/lib/javafx.graphics.jar:/Users/acayuela/Downloads/javafx-sdk-17.0.18/lib/javafx.media.jar:/Users/acayuela/Downloads/javafx-sdk-17.0.18/lib/javafx.swing.jar:/Users/acayuela/Downloads/javafx-sdk-17.0.18/lib/javafx.web.jar:/Users/acayuela/IdeaProjects/be12/out/production/JavaApp
Launcher Type: SUN_STANDARD

[Global flags]
     intx CICompilerCount                          = 4                                         {product} {ergonomic}
     uint ConcGCThreads                            = 2                                         {product} {ergonomic}
     uint G1ConcRefinementThreads                  = 8                                         {product} {ergonomic}
   size_t G1HeapRegionSize                         = 2097152                                   {product} {ergonomic}
    uintx GCDrainStackTargetSize                   = 64                                        {product} {ergonomic}
   size_t InitialHeapSize                          = 268435456                                 {product} {ergonomic}
   size_t MarkStackSize                            = 4194304                                   {product} {ergonomic}
   size_t MaxHeapSize                              = 4294967296                                {product} {ergonomic}
   size_t MaxNewSize                               = 2575302656                                {product} {ergonomic}
   size_t MinHeapDeltaBytes                        = 2097152                                   {product} {ergonomic}
   size_t MinHeapSize                              = 8388608                                   {product} {ergonomic}
    uintx NonNMethodCodeHeapSize                   = 5839564                                {pd product} {ergonomic}
    uintx NonProfiledCodeHeapSize                  = 122909338                              {pd product} {ergonomic}
    uintx ProfiledCodeHeapSize                     = 122909338                              {pd product} {ergonomic}
    uintx ReservedCodeCacheSize                    = 251658240                              {pd product} {ergonomic}
     bool SegmentedCodeCache                       = true                                      {product} {ergonomic}
   size_t SoftMaxHeapSize                          = 4294967296                             {manageable} {ergonomic}
     bool UseCompressedOops                        = true                           {product lp64_product} {ergonomic}
     bool UseG1GC                                  = true                                      {product} {ergonomic}
     bool UseNUMA                                  = false                                     {product} {ergonomic}
     bool UseNUMAInterleaving                      = false                                     {product} {ergonomic}

Logging:
Log output configuration:
 #0: stdout all=warning uptime,level,tags foldmultilines=false
 #1: stderr all=off uptime,level,tags foldmultilines=false

Release file:
IMPLEMENTOR="Eclipse Adoptium"
IMPLEMENTOR_VERSION="Temurin-21.0.9+10"
JAVA_RUNTIME_VERSION="21.0.9+10-LTS"
JAVA_VERSION="21.0.9"
JAVA_VERSION_DATE="2025-10-21"
LIBC="default"
MODULES="java.base java.compiler java.datatransfer java.xml java.prefs java.desktop java.instrument java.logging java.management java.security.sasl java.naming java.rmi java.management.rmi java.net.http java.scripting java.security.jgss java.transaction.xa java.sql java.sql.rowset java.xml.crypto java.se java.smartcardio jdk.accessibility jdk.internal.jvmstat jdk.attach jdk.charsets jdk.internal.opt jdk.zipfs jdk.compiler jdk.crypto.ec jdk.crypto.cryptoki jdk.dynalink jdk.internal.ed jdk.editpad jdk.hotspot.agent jdk.httpserver jdk.incubator.vector jdk.internal.le jdk.internal.vm.ci jdk.internal.vm.compiler jdk.internal.vm.compiler.management jdk.jartool jdk.javadoc jdk.jcmd jdk.management jdk.management.agent jdk.jconsole jdk.jdeps jdk.jdwp.agent jdk.jdi jdk.jfr jdk.jlink jdk.jpackage jdk.jshell jdk.jsobject jdk.jstatd jdk.localedata jdk.management.jfr jdk.naming.dns jdk.naming.rmi jdk.net jdk.nio.mapmode jdk.random jdk.sctp jdk.security.auth jdk.security.jgss jdk.unsupported jdk.unsupported.desktop jdk.xml.dom"
OS_ARCH="aarch64"
OS_NAME="Darwin"
SOURCE=".:git:759062135b07"
BUILD_SOURCE="git:839fa0b45d809157cffd3dc8515aad262a4a1776"
BUILD_SOURCE_REPO="https://github.com/adoptium/temurin-build.git"
SOURCE_REPO="https://github.com/adoptium/jdk21u.git"
FULL_VERSION="21.0.9+10-LTS"
SEMANTIC_VERSION="21.0.9+10"
BUILD_INFO="OS: macOS Version: 14.7.7 23H723"
JVM_VARIANT="Hotspot"
JVM_VERSION="21.0.9+10-LTS"
IMAGE_TYPE="JDK"

Environment Variables:
PATH=/Users/acayuela/.local/bin:/opt/homebrew/bin:/opt/homebrew/sbin:/usr/local/bin:/System/Cryptexes/App/usr/bin:/usr/bin:/bin:/usr/sbin:/sbin:/var/run/com.apple.security.cryptexd/codex.system/bootstrap/usr/local/bin:/var/run/com.apple.security.cryptexd/codex.system/bootstrap/usr/bin:/var/run/com.apple.security.cryptexd/codex.system/bootstrap/usr/appleinternal/bin:/opt/pmk/env/global/bin:/Library/Apple/usr/bin:/usr/local/zfs/bin:/Users/acayuela/Library/Application Support/JetBrains/Toolbox/scripts
SHELL=/bin/zsh
LANG=C.UTF-8
TMPDIR=/var/folders/qq/5qz1r0896gb3tq2sn0xxzt040000gn/T/

Active Locale:
LC_ALL=C.UTF-8
LC_COLLATE=C.UTF-8
LC_CTYPE=C.UTF-8
LC_MESSAGES=C.UTF-8
LC_MONETARY=C.UTF-8
LC_NUMERIC=C.UTF-8
LC_TIME=C.UTF-8

Signal Handlers:
   SIGSEGV: crash_handler in libjvm.dylib, mask=11100110000111110111111111111111, flags=SA_ONSTACK|SA_RESTART|SA_SIGINFO, unblocked
    SIGBUS: crash_handler in libjvm.dylib, mask=11100110000111110111111111111111, flags=SA_RESTART|SA_SIGINFO, unblocked
    SIGFPE: crash_handler in libjvm.dylib, mask=11100110000111110111111111111111, flags=SA_RESTART|SA_SIGINFO, unblocked
   SIGPIPE: javaSignalHandler in libjvm.dylib, mask=11100110000111110111111111111111, flags=SA_RESTART|SA_SIGINFO, blocked
   SIGXFSZ: javaSignalHandler in libjvm.dylib, mask=11100110000111110111111111111111, flags=SA_RESTART|SA_SIGINFO, blocked
    SIGILL: crash_handler in libjvm.dylib, mask=11100110000111110111111111111111, flags=SA_RESTART|SA_SIGINFO, unblocked
   SIGUSR2: SR_handler in libjvm.dylib, mask=00000000000000000000000000000000, flags=SA_RESTART|SA_SIGINFO, blocked
    SIGHUP: UserHandler in libjvm.dylib, mask=11100110000111110111111111111111, flags=SA_RESTART|SA_SIGINFO, blocked
    SIGINT: UserHandler in libjvm.dylib, mask=11100110000111110111111111111111, flags=SA_RESTART|SA_SIGINFO, blocked
   SIGTERM: UserHandler in libjvm.dylib, mask=11100110000111110111111111111111, flags=SA_RESTART|SA_SIGINFO, blocked
   SIGQUIT: UserHandler in libjvm.dylib, mask=11100110000111110111111111111111, flags=SA_RESTART|SA_SIGINFO, blocked
   SIGTRAP: crash_handler in libjvm.dylib, mask=11100110000111110111111111111111, flags=SA_RESTART|SA_SIGINFO, unblocked


Periodic native trim disabled

---------------  S Y S T E M  ---------------

OS:
uname: Darwin 25.3.0 Darwin Kernel Version 25.3.0: Wed Jan 28 20:54:22 PST 2026; root:xnu-12377.81.4~5/RELEASE_ARM64_T8112 arm64
OS uptime: 17 days 4:12 hours
rlimit (soft/hard): STACK 8176k/65520k , CORE 0k/infinity , NPROC 2666/4000 , NOFILE 1048576/infinity , AS infinity/infinity , CPU infinity/infinity , DATA infinity/infinity , FSIZE infinity/infinity , MEMLOCK infinity/infinity , RSS infinity/infinity
load average: 3.48 2.88 2.77

CPU: total 8 (initial active 8) 0x61:0x0:0xda33d83d:0, fp, asimd, aes, pmull, sha1, sha256, crc32, lse, sha3, sha512
machdep.cpu.brand_string:Apple M2
hw.cachelinesize:128
hw.l1icachesize:131072
hw.l1dcachesize:65536
hw.l2cachesize:4194304

Memory: 16k page, physical 16777216k(74784k free), swap 7340032k(873920k free)

vm_info: OpenJDK 64-Bit Server VM (21.0.9+10-LTS) for bsd-aarch64 JRE (21.0.9+10-LTS), built on 2025-10-21T00:00:00Z by "admin" with clang Apple LLVM 15.0.0 (clang-1500.1.0.2.5)

END.
